make;model;body;transmission;color;condition;odometer;price
1;1;1;1;1;5;16639;21500
1;1;1;1;1;5;9393;21500
2;2;2;1;2;4.5;1331;30000
3;3;2;1;1;4.1;14282;27750
2;4;2;1;2;4.3;2641;67000
4;5;2;1;2;1;5554;10900
2;6;2;1;3;3.4;14943;65000
5;7;2;1;3;2;28617;9800
6;8;2;1;1;4.2;9557;32250
5;9;3;1;4;3;4809;17500
6;10;2;1;3;4.8;14414;49750
1;11;2;1;4;4.8;2034;17700
7;12;2;1;1;2;5559;12000
1;1;1;1;2;5;14634;21500
4;5;2;1;3;2;11398;14100
6;13;1;1;1;4.9;7983;40000
5;9;4;1;3;1.7;13441;17000
2;14;3;1;3;3.4;8819;67200
5;15;2;1;2;1.9;14538;7200
2;16;2;1;3;2.9;25969;30000
6;17;2;1;2;4.9;5826;23750
2;14;3;1;3;3.8;10736;65000
3;18;5;1;6;4.2;16506;32500
3;18;5;1;7;4.8;12725;32500
5;9;4;1;2;4.2;11874;19500
5;7;2;1;2;4.2;37888;11500
6;19;1;1;1;4.2;9606;47500
1;1;1;1;4;5;13757;20750
6;20;4;1;3;3.8;5875;44500
1;1;1;1;2;4.4;12862;21000
5;21;1;1;3;4.5;11426;59900
2;2;2;1;3;5;111;30500
2;6;2;1;3;3.8;16360;64250
2;2;2;1;1;4.5;9027;27500
8;22;4;1;2;4.7;4436;44000
2;14;3;1;1;3.2;13205;65000
3;23;5;1;1;4.1;11846;30000
2;24;1;1;1;4;379;51700
3;23;5;1;3;4.2;12242;30000
5;7;2;1;5;3.4;40661;13000
9;25;2;1;2;2.5;9051;21250
1;1;1;1;5;5;13878;20750
3;23;5;1;5;3.7;10906;30000
2;4;2;1;1;4.2;7305;66100
4;5;2;1;3;1;4314;11500
1;26;2;1;8;4.2;5304;40000
1;1;1;1;5;4.8;10357;20500
5;27;2;1;5;1;6105;9800
10;28;1;1;1;4.3;7770;38400
1;1;1;1;1;5;5214;19300
2;6;2;1;2;4.7;7766;77250
1;26;2;1;1;4.4;9684;41000
6;17;2;1;1;2;31;17300
4;29;2;2;12;3.9;1608;11000
5;9;4;1;3;3.1;9914;20600
11;30;2;1;5;1;7879;10500
1;1;1;1;1;5;14176;21250
5;9;4;1;2;4.1;17594;19600
6;17;2;1;2;5;1906;25750
2;14;3;1;3;4;8037;65000
4;31;6;1;4;2;5773;9000
6;32;2;1;3;4.3;32918;50000
2;33;1;1;1;4.8;19689;26500
5;9;4;1;4;1;20595;13600
3;23;5;1;5;4;13623;28000
2;14;4;1;3;4;9837;61500
5;9;4;1;3;3;13606;13000
2;4;2;1;1;2.9;37752;58000
1;1;1;1;5;4.4;9161;22250
1;1;1;1;1;5;11001;22500
12;34;1;1;2;1;14599;24100
2;6;2;1;1;3.8;13386;65000
2;6;2;1;1;4.1;15161;65801
6;35;4;1;5;2.8;3996;34250
11;30;2;1;4;2;10551;10600
2;36;4;1;1;3.7;18152;39750
1;1;1;1;5;4.6;13452;21500
5;7;2;1;3;4.1;37938;13700
5;7;2;1;8;4.2;39623;13200
1;1;1;1;2;5;16348;20500
11;30;2;1;5;3.5;3367;13200
9;37;1;1;1;4.9;21523;41500
7;12;2;1;1;1;4205;12000
2;14;3;1;5;3.7;8891;67200
5;7;2;1;5;2;8154;10000
5;38;7;1;3;3.7;6726;30250
5;7;2;1;5;3.7;36771;13600
1;1;1;1;12;4.9;9552;21000
5;7;2;1;4;1;10673;3300
3;23;5;1;1;3.7;14806;30000
5;9;4;2;1;4.4;7924;18500
4;5;2;1;2;1;12752;9500
2;14;3;1;5;3.8;19499;62000
11;30;2;1;8;1;6759;5800
2;16;2;1;1;4.8;12292;46500
2;14;3;1;1;3.7;15727;65000
1;1;1;1;1;4.9;13711;21750
8;39;1;1;1;4.4;8683;30000
2;40;1;1;1;5;4503;57250
11;30;2;1;5;2;7800;9000
5;38;7;1;1;4;9685;30000
1;1;1;1;12;5;10615;20500
1;1;1;1;12;4.8;13031;20750
9;25;2;1;5;4.1;12905;20400
1;1;1;1;2;4.8;16611;20750
3;23;5;1;1;4.1;12273;30000
5;7;2;1;2;4.2;40560;12800
13;41;8;1;1;4.5;14716;25000
13;42;9;1;3;4.6;68;27250
13;42;9;1;1;4.5;24112;22500
13;41;8;1;3;4.7;4859;26750
13;41;8;1;3;4.5;21126;26500
13;42;9;1;8;4.2;26675;23750
13;42;9;1;1;4.2;19978;24500
13;43;1;1;3;4.3;10532;32000
13;42;9;1;8;4.1;25859;21750
11;44;1;1;1;5;14974;27000
11;45;2;1;2;4.7;21463;27400
11;46;2;1;2;4.1;22961;25000
13;42;9;1;13;3.7;21144;24250
11;30;2;1;4;2.6;56651;10700
11;44;1;1;1;5;11439;30800
11;30;2;1;5;4.4;39935;11000
13;41;8;1;2;4.1;20317;26250
11;30;2;1;5;2;37436;8800
13;42;9;1;1;3.5;26888;23250
13;41;8;1;1;4.8;7815;27000
11;47;2;1;5;4.3;54830;11500
11;30;2;2;1;4.9;2606;12300
11;47;2;1;8;3.9;36416;11400
11;30;2;1;3;4.5;26412;11750
11;48;2;1;5;2.1;11099;16500
13;42;9;1;3;4.5;11250;23500
11;48;2;1;1;4.8;16386;18800
11;44;1;1;2;4.8;20663;19200
13;42;9;1;2;4.3;16154;22750
13;42;9;1;2;4.2;22405;23000
13;42;9;1;5;3.8;28172;21000
13;42;9;1;1;4.7;18600;24750
13;41;8;1;13;4.3;17523;26500
13;42;9;1;3;4;11440;23000
11;47;2;1;2;3.6;28231;13400
11;44;1;1;3;4.2;13225;26000
11;47;2;1;2;3.5;41888;11900
11;47;2;1;3;3.7;35428;16200
11;30;2;1;2;3.5;36307;11700
11;48;2;1;3;4.6;13736;17700
11;30;2;1;11;2;25442;6700
13;42;9;1;1;4.4;15208;25250
13;42;9;1;1;2.5;10929;21000
13;42;9;1;1;4.4;29672;23000
13;42;9;1;3;3.7;22165;22750
13;42;9;1;3;4.5;21263;22000
13;42;9;1;2;4.5;24971;21250
11;30;2;1;1;4.5;37290;11000
11;44;1;1;3;4.7;17367;24100
13;42;9;1;1;4.3;11847;25000
13;42;9;1;2;4.1;15562;24500
11;47;2;1;1;4.3;18479;18100
13;42;9;1;3;4.4;22021;22000
11;49;2;1;3;2;34136;8100
13;42;9;1;2;4;28668;23000
11;50;6;1;1;3.6;10474;16100
13;41;8;1;2;4.2;16338;25500
11;51;11;1;3;4.3;11809;16100
13;41;8;1;1;4.2;15131;26000
13;42;9;1;3;4.5;28053;25000
13;42;9;1;8;4.1;19587;23500
13;42;9;1;2;4.6;20246;24750
13;42;9;1;13;4.1;19957;21750
13;42;9;1;1;3.7;17337;20250
11;47;2;1;1;1;48510;6500
13;42;9;1;8;3.6;23104;22750
13;42;9;1;1;4.6;5017;23500
13;42;9;1;2;2.2;24054;18750
11;47;2;1;5;3.7;36194;13200
13;42;9;1;1;2.6;14264;20750
11;48;2;1;5;4.7;8595;18500
11;49;6;1;3;4.6;9927;11300
11;30;2;1;7;3.5;37759;11800
13;42;9;1;1;4.3;17232;24500
13;43;1;1;2;4.1;40087;27250
11;30;2;1;2;1;25960;8800
13;42;9;1;1;3.5;25132;23500
13;42;9;1;2;4.3;14887;24500
11;49;2;1;2;3.6;41841;9400
11;52;2;1;5;4.5;34566;20300
11;44;1;1;3;5;10747;25800
11;30;2;1;2;1;42798;7600
11;48;2;1;1;4.4;16684;14800
13;42;9;1;2;1.9;18420;18250
11;30;2;1;2;2;35824;8700
13;41;8;1;3;4.1;17090;21500
13;41;8;1;3;2.6;12735;22500
13;42;9;1;8;4.3;24031;20500
13;42;9;1;2;3.7;29907;21000
11;53;1;1;4;4.2;19109;17500
13;42;9;1;2;4.3;26396;23750
13;42;9;1;2;2.1;23507;21000
11;47;2;1;1;3.8;34745;12700
11;30;2;1;3;4.8;10564;16500
11;52;2;1;3;4.7;16132;21400
13;42;9;1;2;4.7;16854;25750
13;42;9;1;1;4.4;19551;25000
13;42;9;1;6;4.4;14486;22000
11;48;2;1;1;4.2;17831;18200
13;42;9;1;2;2.7;26792;18000
11;52;2;1;5;4.3;19152;22200
13;41;8;1;1;4.4;19492;26250
11;47;2;1;8;3.4;50160;11900
13;42;9;1;1;4.5;19368;23000
11;45;2;1;1;3.9;12154;27500
11;46;2;1;1;4.3;11566;25000
13;42;9;1;1;4.7;25635;26500
11;47;2;1;8;3.7;39062;12200
11;30;2;1;2;2;29006;8700
11;30;2;1;4;4.8;8559;10800
13;42;9;1;2;3.9;26907;21750
13;42;9;1;2;3.4;14765;23500
13;42;9;1;2;4.3;18673;22000
13;42;9;1;1;3.7;20707;23500
11;50;6;1;3;4.2;8467;16300
13;42;9;1;2;4.4;16009;22750
13;42;9;1;5;4;15260;24500
11;48;2;1;5;4.4;9539;14900
13;42;9;1;3;3.6;20976;21000
13;42;9;1;3;4.6;22294;24750
11;47;2;1;2;2;44135;8400
13;41;8;1;2;4;30556;23500
13;42;9;1;1;4.1;29731;21000
11;30;2;1;4;1;36957;9400
13;41;8;1;1;4.4;13321;26000
11;52;2;1;3;3.6;6552;21400
11;48;2;1;4;4.3;22143;17100
13;42;9;1;2;4.5;23420;22250
11;49;2;1;1;2;33078;7800
13;42;9;1;2;3.2;28875;21000
11;49;6;1;2;4.9;6747;11900
11;30;2;1;2;4.4;38170;11600
13;42;9;1;1;4.4;23156;23000
11;47;2;1;5;2.8;32387;9750
11;47;2;1;1;4.2;40593;12000
13;41;8;1;2;4.8;13661;26500
13;42;9;1;1;4.5;21557;25250
13;42;9;1;2;3.8;20067;24000
11;47;2;1;2;3.9;45991;17200
13;41;8;1;2;4.2;22354;25000
11;45;2;1;5;4.6;20952;22200
11;44;1;1;2;4.6;15758;21400
11;47;2;1;3;3.7;37154;12100
11;30;2;1;3;2.4;35963;11500
13;42;9;1;8;4.4;28920;23250
11;45;2;1;1;3;19893;22500
11;30;2;1;2;3.8;38594;11800
11;30;2;1;2;4.4;19035;12600
13;41;8;1;3;4.4;16605;25500
13;42;9;1;5;3.8;28127;21500
11;44;1;1;2;4.5;14076;25500
11;51;11;1;8;1;999999;2500
13;42;9;1;8;4.4;17916;24750
11;30;2;1;2;4.6;42006;11300
11;46;2;1;3;4.1;7755;36000
11;30;2;1;5;4.9;41481;11500
13;42;9;1;3;3.9;22828;24500
13;42;9;1;13;4.2;19729;24500
11;49;6;1;5;4.6;27387;11400
13;42;9;1;1;3.9;23097;21250
13;42;9;1;3;4.5;9373;26250
13;42;9;1;5;4.9;15802;25000
13;42;9;1;3;4.5;27333;24500
11;48;2;1;1;4.9;8495;16100
11;47;2;1;5;4.3;22033;13700
13;42;9;1;3;4.4;20263;26000
13;42;9;1;3;4.2;28694;21500
13;42;9;1;2;4.4;30464;24000
13;42;9;1;1;4.6;10610;23500
11;30;2;1;4;3.1;13505;13800
13;42;9;1;1;4.4;19573;22000
11;50;6;1;9;4.8;27532;11300
11;30;2;1;2;2;33158;9400
11;47;2;1;1;4.4;36991;13400
11;47;2;1;4;2;35518;10700
11;44;1;1;8;5;15160;22200
13;42;9;1;3;3.7;20202;21750
11;54;12;1;4;4.8;12730;23000
11;48;2;1;3;4.7;11798;18400
11;44;1;1;10;4.3;41783;17400
11;45;2;1;5;4.4;35995;27200
13;42;9;1;1;4.6;17541;24750
11;47;2;1;5;3.8;40322;12300
11;47;2;1;3;3.8;47516;11700
11;49;6;2;10;4.7;15813;9500
13;42;9;1;3;4.2;23470;24500
13;42;9;1;2;4.3;29782;21500
13;42;9;1;8;3.9;10993;24250
13;42;9;1;2;4.5;18921;21750
11;53;1;1;1;4.4;32413;17500
11;48;2;1;5;5;20;19900
13;42;9;1;1;4.4;32437;20500
11;30;2;1;2;3.5;38388;11700
11;30;2;1;3;4;21579;12600
13;42;9;1;3;4.1;17672;21500
11;48;2;1;3;4.5;13162;18600
13;41;8;1;13;4.1;13002;26500
13;42;9;1;3;3.7;16486;24000
13;42;9;1;1;4.3;11596;26000
13;42;9;1;8;4.2;16153;24000
13;42;9;1;8;4.4;9785;23000
11;30;2;1;1;3.7;13871;15900
13;41;8;1;2;3.6;26843;24250
13;41;8;1;2;3.7;18548;25000
13;42;9;1;1;4.2;25016;24750
11;45;2;1;3;4.3;11041;12500
13;42;9;1;3;4.4;9535;25000
11;47;2;1;1;2.5;40045;12300
13;42;9;1;1;4.5;23481;25750
11;47;2;1;8;3.3;37499;12400
13;42;9;1;2;4.3;13273;25750
11;47;2;1;8;3;37060;10100
11;44;1;1;5;5;66;20800
11;49;2;1;11;2;35828;6700
13;42;9;1;2;4.2;20408;24000
11;47;2;1;13;3.9;36564;12400
13;42;9;1;2;4.4;16833;24750
11;30;2;1;5;3.6;40079;11300
13;41;8;1;2;4.5;16219;26500
13;42;9;1;2;4.2;20070;22000
13;42;9;1;2;3.9;13632;22000
13;41;8;1;1;3.9;6802;23250
13;42;9;1;1;4.2;20432;24250
11;30;2;1;6;1;24120;5200
13;42;9;1;13;4.7;17203;24750
11;47;2;1;8;4.8;10241;16900
11;30;2;1;2;1;41710;7700
11;47;2;1;1;3.9;25895;12900
14;55;1;2;4;4.7;9153;35250
1;11;2;1;1;4.4;16045;16800
4;5;2;1;4;3.6;37136;13800
15;56;2;1;3;3.6;4811;45500
4;5;2;1;3;3.2;62381;11900
10;57;2;1;1;3.6;39590;32100
16;58;1;1;5;3.9;36071;15000
1;11;2;1;3;4.6;11757;16500
15;59;4;1;13;4.2;20705;25750
1;11;2;1;3;4.4;24131;21250
4;5;2;1;3;2;38766;12100
4;5;2;1;5;4.4;44303;13000
13;42;9;1;2;3.6;36931;22250
4;5;2;1;5;4.3;38974;13600
14;55;1;1;3;3.1;41173;27000
17;60;6;1;3;2;24252;9100
4;5;2;1;4;4;37020;13600
1;61;2;1;5;2.8;31406;8900
15;59;2;1;1;4.5;20161;25000
1;11;2;1;3;2.2;14061;11700
4;5;2;1;3;3.7;47601;12200
17;60;6;1;4;3.5;44392;8500
13;62;2;1;13;4.6;10808;33500
1;11;2;1;3;4.2;19543;16100
4;63;3;1;5;4.3;445;28750
1;1;1;1;5;4.4;48050;12750
1;61;2;1;3;4;36667;9800
1;64;5;2;5;1;11699;6900
16;65;1;1;8;2.7;37713;14000
15;59;2;1;3;2.8;31978;21000
15;66;3;1;3;4.4;8470;37000
10;67;2;1;2;3.8;24478;27750
15;68;2;1;3;2.5;4995;31750
17;70;2;1;2;3.6;54715;10600
18;69;6;1;10;3.7;36498;13600
18;69;6;1;8;2.8;7273;15000
17;71;1;1;4;3.8;46733;20500
13;42;9;1;2;4;33838;20250
4;5;4;1;3;1;33985;8000
1;72;2;1;3;4.3;54978;9200
17;71;1;1;2;3.6;44289;20000
1;1;1;1;12;4.7;20209;21500
4;5;2;1;4;3.5;38688;13500
4;5;2;1;12;3.3;40931;13500
4;5;2;1;5;4.1;39364;13500
14;73;1;1;1;4.1;32090;13900
4;63;4;1;3;3.8;10506;21500
4;5;4;1;2;4.4;10510;15500
17;70;2;1;3;3;47917;9600
13;74;1;1;2;3.7;37738;32250
13;42;9;1;2;4.3;19683;26000
13;42;9;1;1;4.4;37527;23000
1;11;2;1;3;4.2;14012;22200
4;5;2;1;1;3.9;37395;13400
1;61;6;2;4;4.6;4668;14200
4;5;2;1;3;3.5;35900;13500
4;5;2;1;1;3.8;38395;13100
19;75;1;1;2;4.4;2059;42000
1;11;2;1;12;2;24614;10600
17;76;11;1;4;3.5;39272;12400
1;61;6;1;4;2;4850;6300
4;5;2;1;1;4.5;48463;14000
13;42;9;1;2;3.8;23642;23000
17;70;2;1;3;2;45649;10000
13;41;8;1;2;3.5;10055;27000
13;62;2;1;1;4.1;9338;34500
1;72;2;1;2;2.7;55885;8800
17;71;1;1;2;2.9;41807;19900
4;5;4;1;2;3.5;42938;13300
1;11;2;1;1;4.9;19078;16500
18;69;6;1;10;3.5;36000;13700
17;76;11;1;2;2.9;40275;12200
10;57;2;1;7;3.4;17786;33000
1;61;2;1;3;2;45800;3850
19;77;1;1;8;4.8;25524;35500
4;5;2;1;2;4.4;45685;13200
13;42;9;1;3;4.4;48156;22250
1;61;2;2;1;1.9;22658;5500
1;61;2;1;1;2.6;13508;7500
14;73;1;1;4;2.7;31688;13000
16;58;1;1;2;3.5;39473;14700
13;42;9;2;2;4.3;21898;26250
15;59;4;1;2;3.5;10782;26000
13;41;8;1;13;4.2;46120;23500
10;78;2;1;11;4.9;71;64000
15;56;2;1;3;4.4;14557;51500
1;11;2;1;2;4.4;18554;15700
16;58;1;1;5;3.8;36990;14800
15;79;1;1;2;3.4;21052;25500
4;5;2;1;2;2.4;35591;12700
14;55;1;1;3;4.3;41997;25250
1;80;1;1;2;2.5;40331;15200
4;5;2;1;1;3.6;40425;12500
1;11;2;1;5;4.8;8177;15300
14;81;1;1;3;4.3;39566;26750
15;59;4;1;3;3.7;18960;22750
1;11;2;1;1;4.1;21258;16400
1;72;2;1;3;2;81410;2700
1;11;2;1;1;4.4;20984;16500
1;11;2;1;6;3.3;26360;13300
13;42;9;1;2;3.8;46548;21000
13;42;9;1;2;4.5;35450;23000
15;68;2;1;13;4.7;28463;36250
15;56;2;1;3;3.6;24168;56250
20;82;1;1;12;4.3;39459;24500
17;76;11;1;1;4.5;7787;14000
13;42;9;2;3;4.3;13149;28250
10;57;2;1;5;3.5;21189;31900
21;170;2;1;3;4.2;10067;26000
15;59;2;1;1;4.3;23615;22250
1;11;2;1;1;4.2;13929;14300
4;5;2;1;5;4;39159;13500
4;5;2;1;2;4;37182;13300
15;59;4;1;3;4.1;19780;23750
1;11;2;1;1;4.3;21642;16600
15;83;1;1;2;4.2;26853;48000
17;76;11;1;2;3.5;36898;13100
1;80;1;1;8;4.6;32685;15250
15;83;1;1;5;4.3;16584;46750
21;170;2;1;8;5;6891;26000
1;61;6;1;3;4.1;11342;12000
15;83;1;1;5;5;6536;42750
18;69;5;1;5;3.9;41357;16500
13;42;9;1;3;3.7;44723;20401
1;1;1;1;3;3.3;71662;14000
15;56;2;1;3;3.5;38407;54000
4;5;4;1;4;3.4;36975;13500
1;1;1;1;8;4.3;28790;13500
4;5;4;1;1;3.5;38530;13600
19;77;1;1;1;4.6;9214;39000
1;72;2;1;1;3.7;39081;8500
1;11;2;1;5;3.7;35707;13300
15;56;2;1;3;4.2;38691;48000
4;5;2;1;5;4;38666;13300
14;55;1;1;3;3.7;42482;25000
19;77;1;1;2;5;5403;30500
17;71;1;1;3;4.5;40884;19600
15;56;2;1;3;4.1;33776;46500
4;5;2;1;3;3.7;43262;13400
13;42;9;1;3;2.9;42887;19900
13;42;9;1;8;4.3;40101;20250
13;62;2;1;5;4.2;6787;33500
15;59;4;1;13;4.1;16486;23500
17;70;2;1;8;3.8;39573;11800
13;42;9;1;3;2.4;42547;17250
1;11;2;1;1;4.4;67229;19000
15;59;4;1;3;3.7;23783;22500
10;28;1;1;12;4.6;21932;37750
4;5;2;1;3;3.5;45568;12000
15;59;2;1;1;4.3;22984;21750
17;76;11;1;2;3.9;37664;13000
16;84;2;1;8;3.6;27059;18900
13;41;8;2;3;3.5;19058;28750
18;69;6;1;1;3.8;36764;14000
15;56;2;1;3;4.4;10862;57250
17;76;11;1;3;4.4;14818;15000
15;59;2;1;3;4.3;23941;21750
1;11;2;1;2;3.6;11238;23000
4;5;2;1;2;3.8;38444;13500
13;62;2;1;5;4.3;9810;30000
4;5;2;1;1;4.1;21968;13750
15;59;4;1;13;2.5;10972;36500
1;72;2;1;2;3.7;33980;10400
1;61;2;1;4;3;37213;9500
13;42;9;1;13;3.3;38131;20000
1;11;2;1;4;2.3;38247;17000
19;85;1;1;3;3.7;26757;60000
10;67;2;1;2;3.6;20880;29300
15;68;2;1;2;4.7;31064;30750
15;68;4;1;1;4.5;19538;32250
10;57;2;1;3;3.8;42813;31000
13;62;2;1;3;4.5;8691;33500
1;11;2;1;3;3.6;30333;19900
16;58;1;1;6;4.1;40498;14600
16;84;2;1;4;2.8;38311;10100
13;42;9;1;13;3;59042;18801
15;68;2;1;1;4.7;10616;34750
13;42;9;1;3;4.4;32635;21750
10;57;2;1;11;4.6;22672;34500
15;59;2;1;5;3.9;22514;42750
18;69;6;1;4;3.9;42973;12500
22;86;2;1;1;1;22907;8000
4;5;2;1;13;4;24498;14500
23;87;2;1;3;1;34915;9200
3;88;1;1;1;4.3;34933;22900
23;89;11;1;2;3.5;49188;18000
4;90;6;1;2;4.3;38134;14400
23;91;6;1;1;2;28412;7800
4;173;13;1;1;1;47268;14000
23;87;2;1;12;4.7;19836;14100
22;177;2;1;3;3.3;37628;17100
4;92;6;1;13;4;21826;15250
3;88;1;1;8;3.9;39860;20600
23;93;2;1;4;3.8;38882;13500
23;93;2;1;3;5;2575;22000
23;94;14;1;8;2.8;32198;20500
22;95;2;1;1;4.4;38680;11800
24;96;2;2;8;4.2;9419;23750
4;5;2;1;3;4.4;10929;20250
23;97;1;1;3;3.7;36431;24200
24;96;2;2;8;2.5;27196;21000
23;87;2;1;13;1;48744;9500
22;98;6;1;1;4.4;37320;11400
23;99;2;1;5;3.3;36159;19500
25;100;4;1;4;2.4;46283;10600
4;101;11;1;1;4;9531;16000
4;5;2;1;13;3.8;26637;14600
22;86;2;1;12;1;27525;4900
4;102;1;1;2;2.1;67280;11000
22;98;6;1;5;4.2;38180;11800
22;95;2;1;2;3.8;34988;15500
23;103;15;1;13;4.2;102345;18500
4;5;2;1;7;4.1;13675;14750
23;97;1;1;6;4.9;36465;27000
4;5;2;1;13;4.1;5997;17250
4;104;2;1;1;4.4;29616;22500
26;105;1;1;2;3.7;15746;46500
26;911;3;1;3;4.6;16868;88500
22;86;2;1;5;3.5;37102;13500
22;95;2;1;3;3.3;39554;11400
4;5;2;1;3;3;24185;12900
4;106;1;1;3;4;37767;18300
4;29;2;1;8;4.3;26850;9500
4;102;1;1;2;3.9;41214;13400
4;107;2;1;4;3.7;29111;12200
23;103;15;1;13;4.5;82186;20250
22;86;2;1;3;4.3;38611;13900
4;106;1;1;2;4.8;32822;19200
23;108;6;1;5;4;57865;14800
4;29;2;1;8;4.5;20379;10300
3;109;2;1;3;5;2477;25750
4;109;7;1;1;4.3;15240;22750
4;107;2;1;3;3.6;10688;14500
4;5;2;1;1;3.7;15690;17000
26;110;3;1;3;4.2;25019;49500
4;107;2;1;3;3.7;35011;12000
22;95;2;1;8;2.7;36874;11500
23;93;2;1;3;3.1;37028;21000
4;107;2;1;4;3.6;37293;11100
23;87;2;1;8;2.8;50451;10500
25;174;5;1;1;4.2;16949;14500
23;97;1;1;12;4.2;39437;26500
4;111;5;1;1;3.2;24437;12200
23;94;16;1;13;4.5;31326;18500
25;100;4;1;2;4.2;10912;20250
22;95;5;1;8;4.2;38082;12000
23;87;2;1;3;4.2;8649;13000
4;107;2;1;2;4.3;11338;12400
4;102;1;1;2;4.4;12194;16250
22;98;6;1;1;2.9;39162;12100
23;112;1;1;5;4.9;52002;25900
23;113;1;1;3;4.1;24592;34000
4;29;2;1;4;3.5;27953;10000
3;3;2;1;1;4.2;19942;20000
23;108;6;1;5;3.5;45805;16200
24;114;2;1;4;1;24734;9800
4;92;6;1;3;3.6;8485;15000
4;115;1;1;3;3.1;63459;19500
23;116;5;1;1;3.9;41829;17600
22;95;2;1;3;4;37508;11600
4;107;2;1;3;4.6;29277;12250
4;111;5;1;8;3.7;26505;12100
23;94;14;1;5;5;18015;23700
26;105;1;1;3;3.8;26999;55000
22;98;6;1;3;4.1;37791;11600
4;107;2;1;5;2.8;45876;10800
4;117;1;1;3;2.7;44897;19700
4;107;2;1;1;2.9;39548;10500
23;87;2;1;2;3.8;35400;11700
4;102;1;1;4;3.9;32117;15800
4;107;2;1;4;3.8;38775;10900
23;91;6;1;2;3.8;36882;9900
4;102;1;1;1;5;7794;18250
4;107;2;1;2;4.2;22420;12000
26;118;2;1;3;3.9;12379;59750
22;98;6;1;2;4.4;38019;27100
4;5;2;1;13;3.7;26221;15500
22;86;2;1;5;3.4;37724;13400
23;87;2;1;2;3.5;19377;12400
4;109;17;1;1;1.9;20893;9000
24;119;1;1;13;3.5;60564;14000
22;98;6;1;2;3.7;40250;11600
4;107;2;1;1;2.7;29258;10500
23;116;5;1;1;3.6;38288;17100
22;177;2;1;3;1;24369;13100
23;108;6;1;1;4.3;68829;14600
23;116;5;1;1;4;38759;17500
23;120;1;1;1;3;39900;28000
4;5;2;1;1;4.2;20906;17750
4;29;2;1;2;4.2;15343;11000
23;99;2;1;5;1;34549;15500
4;5;2;1;13;4.4;26165;17250
22;95;2;1;3;3.8;39931;11700
4;5;2;1;5;4.3;16417;16250
22;86;2;1;2;2.6;35303;13300
22;86;2;1;13;1;24954;11100
23;94;14;1;1;4.1;39631;27000
4;106;1;1;1;5;4423;18000
24;96;2;2;8;3.5;22006;29000
4;111;5;1;5;4;36297;12300
23;89;11;1;12;3.4;63250;16600
4;104;2;1;2;1;1;1000
23;93;2;1;7;4.4;13948;14900
4;29;2;2;2;4.3;18366;9500
4;29;2;1;2;2;41426;4000
26;118;2;1;1;4.1;33876;58000
4;107;2;1;1;2.9;33219;10300
23;93;2;1;3;3.8;30392;15700
25;100;4;2;2;4.4;13325;18700
4;107;2;1;3;3.6;36247;11400
4;5;2;1;1;4.1;26640;15250
22;86;2;1;2;3.2;14779;20200
4;107;2;1;1;3.9;39904;10600
4;121;1;1;2;3;41841;16700
4;107;2;1;2;3.9;50045;10600
4;121;1;1;1;3.9;35138;20500
26;110;3;1;3;3.7;21938;39500
23;93;2;1;2;4.4;56455;17750
23;91;6;1;5;1;32808;7300
23;87;2;1;2;3.2;48376;11500
23;87;2;1;1;3.3;41961;11500
4;107;2;1;5;3.9;43769;10900
23;94;14;1;5;4.3;36744;26750
4;29;2;1;2;4.2;29165;10200
23;108;6;1;3;3.6;39968;15800
23;94;14;1;6;3.4;11094;21000
23;89;11;1;1;3.5;40052;20400
22;98;6;1;1;3.4;37618;11900
23;87;2;1;5;2;35516;8200
4;107;2;1;3;3.3;42704;10700
4;102;1;1;1;3.7;34651;14900
3;3;2;1;1;3.7;27368;19000
4;29;2;1;5;3.7;24984;9200
4;121;1;1;1;3.8;23629;18900
4;117;1;1;1;4.5;19742;22500
22;86;2;1;5;3.6;39556;12000
4;121;1;1;2;4.4;14805;25250
23;93;2;1;5;2;31300;11200
4;104;2;1;1;4.4;14421;20000
2;14;3;1;1;3.8;28925;50500
9;122;2;1;3;3.9;43127;17800
6;10;2;1;13;3.5;36541;29000
2;14;4;1;3;4.7;34941;42500
2;16;2;1;3;4.7;45443;30500
2;14;3;1;2;4.8;20904;49000
2;16;2;1;3;5;54744;29250
2;14;4;1;1;3.6;24452;44000
2;123;2;1;3;4.7;17189;25000
2;123;2;1;3;4.3;35818;35250
2;2;3;1;3;3.8;14149;40500
2;2;3;1;8;3.1;27675;25750
2;14;3;1;3;3.6;24132;49500
2;124;4;1;8;4.1;16288;27500
2;14;4;1;3;4.4;39628;42000
9;165;2;1;2;4.1;28395;20200
2;16;2;1;2;2.2;28170;47000
2;123;2;1;2;3.3;14769;34750
2;14;3;1;3;4.2;34780;47000
2;2;3;1;8;3.7;35711;25500
9;165;2;1;3;4.4;19669;21600
2;16;2;1;2;4.8;19782;31000
2;123;2;1;1;3.6;32509;40000
2;16;2;1;3;2.1;29808;26500
6;177;2;1;3;2.8;13044;35250
6;165;2;1;3;3.3;36671;40500
2;2;4;1;2;4.5;37632;32000
2;16;2;1;2;4.8;27979;34750
2;16;2;1;3;4.3;22371;34750
2;16;2;1;1;4.1;32960;29250
2;14;3;1;1;4.1;46534;41500
2;2;2;1;6;4.5;29157;24750
2;16;2;1;8;4.4;24506;33000
6;177;4;1;1;3.8;32737;26500
2;16;2;1;2;4.2;43112;29000
2;16;2;1;1;4.4;53230;25750
9;165;2;1;5;3.7;21443;20900
2;16;2;1;3;4.3;27181;34750
2;2;4;1;2;4.5;23777;33250
2;16;2;1;2;2.7;33760;32750
2;124;3;1;8;4.4;28509;22750
9;122;2;1;1;3.7;31595;18900
2;2;3;1;2;4.8;14910;31500
2;2;3;1;2;4.2;31388;27500
9;122;2;1;4;4.5;37284;18400
2;2;3;1;8;3.6;32456;26750
2;2;3;1;5;3.5;35000;27500
2;2;3;1;3;4.3;37509;31500
2;14;3;1;1;3.8;22845;52500
2;123;2;1;3;3.9;24576;40500
9;165;2;1;3;4.2;32354;20300
2;14;3;1;3;4.1;51983;40000
9;122;2;1;2;4.2;36621;18200
2;124;4;2;8;2.9;37168;18000
2;123;2;1;1;3.6;18602;42000
2;623;3;1;3;3.5;25240;42500
2;2;2;1;2;4.4;19411;27250
2;16;2;1;3;4.7;38066;42500
2;14;3;1;2;4;28606;49500
2;2;4;1;3;4.7;26086;22750
2;14;3;1;2;4.8;43505;44500
2;14;3;1;2;3.3;32289;48000
2;14;3;1;1;4.4;53404;43500
2;14;3;1;1;4.5;21262;52250
2;124;3;1;3;3.5;24380;35500
18;69;6;2;2;4.2;51347;13750
6;177;4;1;1;4.1;33856;27000
2;16;2;1;2;3.4;31616;28000
2;16;2;1;3;4.2;30445;28500
2;623;3;1;13;4.7;20850;43500
2;123;2;1;1;4.6;46943;33000
2;2;4;2;2;4.2;27312;33000
2;2;3;1;2;4.9;33355;27500
2;16;2;1;1;4.3;34966;32500
2;2;2;1;3;4.1;36617;23500
2;14;3;1;1;4.4;25060;51500
2;124;3;1;1;4.6;15311;25000
2;2;4;2;3;4.7;16827;34750
2;14;3;1;2;4.9;11868;47000
2;14;3;1;3;3.6;35458;44250
2;623;3;1;5;4.2;35920;41000
2;123;2;1;3;4.4;30313;40000
9;122;2;1;3;3.9;43807;17900
9;165;2;1;3;4.7;50229;20500
2;16;2;1;2;3.9;38866;34000
2;2;4;1;3;2.8;20163;20000
9;125;1;1;1;3.7;30901;22500
9;122;2;1;3;4.2;13424;19600
2;16;2;1;2;3.8;52387;32500
2;2;4;1;1;2.7;18057;22250
2;2;3;1;3;2.8;13661;28250
9;165;2;1;2;2.4;35604;16800
2;2;3;1;2;4.9;27272;31750
2;14;3;1;5;4.9;26704;49250
2;16;2;1;1;4.6;41539;36750
9;125;6;1;3;3.6;33680;26600
2;2;3;1;3;2.9;37032;25000
2;2;2;1;1;4.8;23936;28000
6;8;2;1;3;3.8;15193;24250
2;124;3;1;8;4.3;33965;22750
9;122;2;1;2;4.1;30406;19100
2;16;2;1;1;4.4;54898;31000
2;16;2;1;2;3.5;62345;24750
2;2;3;1;3;3.6;48143;33000
2;16;2;1;1;3.8;35294;28000
2;14;3;1;3;3.4;44520;40500
2;16;2;1;1;3.8;59814;28000
2;14;3;1;3;3.4;26807;47000
6;10;2;1;3;3.6;13936;33100
2;14;3;1;8;3.7;45540;40750
9;165;2;1;3;3.4;28151;21000
2;2;3;1;1;4.3;29297;30000
2;2;4;1;1;2.9;61573;19000
2;14;4;1;2;4.2;32341;43500
2;123;2;1;8;4.1;17676;36500
9;122;2;1;2;1.9;27906;14000
9;122;2;1;1;3.3;10225;19400
6;165;4;1;2;3.9;11740;91000
2;2;2;1;1;4.7;44099;23250
2;2;4;1;3;4;36013;21000
9;122;2;1;1;4.5;23568;19100
2;2;4;1;1;4.4;47581;21250
2;123;2;1;3;4.6;46766;33750
2;16;2;1;1;4.2;50727;26750
6;10;2;1;3;4.2;44002;30000
2;2;2;1;2;2.8;54355;22000
2;14;3;1;3;3.4;44067;42250
2;2;3;1;8;4.3;26425;29000
9;37;1;1;6;4.7;36533;30750
2;179;1;1;3;3.7;37120;27500
2;14;3;1;1;3.7;23496;51250
9;122;2;1;3;2.7;33771;16200
2;16;2;1;3;4.4;43260;27750
2;123;2;1;2;3.8;38006;37500
18;69;6;1;4;3.8;21924;12600
2;14;3;1;1;4.3;30156;48500
2;2;3;1;8;4.7;17453;31250
2;14;3;1;1;3.9;26391;51500
2;124;3;1;3;4.7;30653;22000
2;179;1;1;2;4.2;42148;29000
9;165;2;1;3;3.7;57367;18000
6;20;4;1;3;3.7;22938;36500
6;13;1;1;3;4.1;38750;31250
9;37;1;1;1;4.1;37587;31000
2;123;2;1;3;4.3;47390;34250
2;16;2;1;2;4;43662;36500
6;10;2;1;1;4.1;47513;28750
2;123;2;1;3;4.5;29460;40500
2;16;2;1;3;4.4;37915;34000
9;122;2;1;3;4.6;91532;15000
2;2;4;1;1;3.9;38166;22750
6;8;2;1;8;3.8;39272;20250
2;2;2;1;1;4.1;30875;41000
2;2;3;1;2;2.7;26285;26500
2;14;3;1;2;2.8;36051;42900
9;125;6;1;3;3.7;48115;28000
6;8;2;1;8;3.8;48158;19500
2;14;3;1;1;4.2;37688;45500
2;2;3;1;1;4.7;35006;27300
2;16;2;1;8;4.6;35638;31500
2;16;2;1;2;3.3;26936;34500
2;14;4;1;1;4.1;50362;42000
9;37;1;1;2;3.6;34643;27000
2;16;2;1;3;2.8;36773;32500
2;14;3;1;5;4.8;25070;50000
27;126;2;1;2;3.5;65600;8300
7;127;1;1;2;3.5;45035;14100
27;126;2;1;3;3.5;38669;9400
7;128;1;1;2;4.6;20035;20800
2;40;1;1;3;3.8;39302;39750
8;39;1;1;3;3.5;64568;15750
5;38;7;1;5;2.8;32104;23000
7;128;1;1;1;4.6;41115;22100
7;129;6;1;4;3;26747;14000
2;180;3;1;3;4.5;19767;32000
2;40;1;1;3;3.6;38715;34000
5;7;2;1;1;3.9;69407;9000
5;130;1;1;1;4;41873;18200
5;27;2;1;3;2.9;67196;9300
7;129;6;1;3;3.9;29499;14900
7;129;2;1;4;3;64750;8500
5;131;7;1;1;2.9;38079;24750
7;132;7;1;2;4.2;31076;44750
12;34;1;1;5;3.7;21147;24500
7;133;6;1;1;2.5;38159;5500
5;7;2;1;1;2.7;60360;8800
28;500;6;2;3;2.8;37547;8000
2;40;1;1;3;3.3;56780;30000
29;200;2;1;3;2.1;55277;6900
7;129;6;1;1;3.9;68306;8200
7;133;6;2;4;3.7;36404;8200
7;128;1;1;12;4.8;27952;20000
7;128;1;1;8;4.1;31495;18300
7;127;1;1;8;4.5;84062;9900
27;134;1;1;5;1.9;46816;14400
7;128;1;1;5;4.5;67529;10800
7;129;2;1;4;3.7;89575;9000
2;180;3;1;3;3.7;41179;27500
27;135;2;1;3;3.7;27842;34750
7;136;5;1;2;3.6;34682;18100
7;136;5;1;3;3.9;44712;24800
2;40;1;1;2;4.3;37269;36500
5;7;2;2;5;3.1;53563;7500
2;40;1;1;2;3.8;24720;42500
5;9;3;1;5;2.9;35815;16100
5;137;1;1;5;3.5;80435;12400
29;300;2;1;2;4.3;27368;22000
7;138;1;1;3;1.9;44896;19250
7;127;1;1;2;2.4;35488;14000
28;500;3;2;10;4.3;27596;10000
2;179;1;1;2;4.5;50002;26000
5;27;2;1;1;4;58781;10000
12;34;1;1;7;4.1;34807;22000
5;139;1;1;5;3;58112;11900
5;15;2;1;1;4.1;56524;9200
5;131;7;1;1;2.9;61464;22500
8;140;1;1;3;3.6;35551;36500
7;127;1;1;1;4.7;30843;16000
27;141;11;1;5;4.4;97805;8900
5;7;2;1;1;4.2;26691;11500
27;141;11;1;3;2.9;54064;11750
7;128;1;1;3;4.2;24065;23000
7;128;1;1;1;4.5;30801;16600
2;24;1;1;3;1.9;39766;37500
7;129;6;1;3;2.9;63205;8300
5;7;2;1;1;1.9;76900;5600
7;128;1;1;6;4.6;21368;16200
5;27;2;1;5;3.8;67321;9300
7;133;2;1;1;3;149962;3200
8;142;18;1;6;4;18736;27500
7;129;2;1;2;4.8;9059;12100
5;7;2;1;5;2.2;34564;7900
27;126;2;1;2;3.8;63184;8000
7;143;19;1;2;4.6;28687;30500
2;40;1;1;2;4.9;26640;40250
7;128;1;1;8;4.4;31566;19800
27;141;11;1;5;3.4;43287;12000
7;128;1;1;3;4.4;32802;18400
5;15;2;1;3;1.9;62053;7100
5;7;2;1;5;3;57479;9300
7;129;6;1;3;4.5;21147;11300
27;141;11;1;1;2.6;63821;10100
8;140;1;1;3;3.8;53781;35500
7;144;20;1;1;2;46441;11900
5;145;6;1;12;3.6;42947;15750
5;7;2;1;8;3;61852;10000
7;12;2;1;1;4.4;17319;14600
7;129;2;1;3;2.8;22548;10500
7;129;6;1;1;3;44674;4000
7;129;6;1;1;4.6;48952;11700
5;7;2;1;4;4.6;36315;10400
5;38;21;1;1;3.9;10482;20200
2;179;1;1;2;4.7;63550;25000
5;27;2;1;5;4.4;72362;8800
7;146;13;1;1;4.3;46865;14400
2;40;1;1;8;4.4;48374;34750
7;127;1;1;3;4.3;49575;14600
5;147;13;1;1;2.8;160525;7800
5;15;2;1;5;4.3;64722;8600
5;7;2;2;12;2.8;62380;8200
12;34;1;1;1;4.3;36331;25000
2;40;1;1;2;4.9;23642;39500
5;7;2;1;8;3;57595;9200
7;12;2;1;5;2.7;82128;9100
27;126;2;1;2;2.1;49312;7000
5;15;2;1;3;4.1;62386;9300
5;15;2;1;1;2.7;43706;8300
29;200;2;1;3;3.4;64265;8100
2;40;1;1;3;3.4;23029;54000
7;143;19;1;3;3.9;27465;28800
7;143;19;1;1;3.5;93858;19500
5;27;2;1;5;4.1;60662;9600
5;139;1;1;2;2;75665;9800
7;12;2;1;2;4.7;24208;16000
5;38;7;1;1;4.1;123543;21000
7;128;1;1;3;4;43860;21900
27;135;2;1;8;3.5;36329;20300
5;7;2;2;1;3.7;49866;9900
7;127;1;1;3;3.8;61007;10200
7;129;6;1;3;2.6;54322;7600
2;40;1;1;3;4.8;45760;36500
7;128;1;1;1;4.4;36575;22000
5;7;2;1;1;2;62216;10000
7;129;2;1;5;3.1;76000;9100
27;134;1;1;2;4;70925;11200
7;127;1;1;1;4.7;11112;17200
5;139;1;1;1;2.5;37049;10000
2;40;1;1;3;4.3;20187;42000
7;143;22;1;4;4.1;46444;25600
5;27;2;1;1;4.1;27370;12200
7;127;1;1;13;3.8;97572;9400
7;148;1;1;1;4.3;68150;27200
7;138;1;1;2;4.6;34434;24300
5;145;6;1;5;3.5;15828;17250
5;27;2;1;1;1.9;58457;7200
5;27;2;1;1;4.3;70402;9600
2;40;1;1;3;4.3;59718;33500
7;128;1;1;5;4.4;60399;23700
7;129;2;1;1;3.2;47861;6100
7;128;1;1;1;4.6;28635;20100
7;129;2;2;8;3.7;23903;8200
5;149;21;1;1;3;110071;8800
5;150;13;1;1;2.9;45664;19500
7;129;2;1;5;3.8;58045;9300
5;7;2;1;5;2;61869;8100
2;40;1;1;3;3.3;24406;39000
5;137;1;1;1;3.9;34294;14750
5;15;2;1;3;3;59156;7900
5;7;2;1;1;3;57128;10100
7;138;1;1;3;2.9;48130;25500
7;128;1;1;8;4.9;15339;21100
7;12;2;1;1;3.8;38531;14750
2;40;1;1;1;3.6;66901;30700
30;150;3;1;2;4.2;10902;154000
7;129;6;1;4;4.5;23529;11200
5;7;2;1;8;3;53040;10200
7;128;1;1;3;4.3;65548;16600
5;27;2;1;1;3;53009;10800
7;127;1;1;5;2.6;70977;11200
8;150;1;1;1;3.1;42547;45750
2;40;1;1;2;4.8;31330;39500
2;40;1;1;1;3.8;21278;41000
7;133;2;1;2;5;2308;10500
5;27;2;1;5;3;60405;8500
8;140;1;1;3;3;54683;35750
7;128;1;1;3;3.6;47548;19100
8;140;1;1;3;4.1;35958;39750
7;133;6;1;2;3.5;55855;8200
5;27;2;1;1;3.2;50616;10600
29;151;11;1;13;2;88694;8700
5;38;21;1;3;3.6;41875;20100
2;40;1;1;2;4.1;43405;37500
5;152;2;1;4;1.9;50621;5700
8;39;1;1;1;3.4;63739;17750
7;138;1;1;8;3.5;37704;18000
5;15;2;1;1;3;64637;8900
5;15;2;1;3;3.6;81991;8200
31;153;2;1;3;2.6;24390;13000
31;150;1;1;8;4.2;32923;18200
11;44;1;1;5;4.3;31776;15250
11;47;2;1;5;3.7;48562;14000
31;153;2;1;2;2.3;32212;12300
11;30;2;1;2;3.6;28514;12700
7;12;2;1;3;3.8;34063;11400
13;42;9;1;2;4.6;21486;20000
7;154;4;1;3;2.6;32535;11500
11;30;2;1;1;3.6;33191;12800
31;153;2;1;2;3.7;53340;12300
11;47;2;1;1;3.8;80181;10100
31;153;2;1;2;4.4;12218;15300
7;154;3;1;1;3.2;65201;10700
7;12;2;1;8;3.5;64035;8900
13;42;9;1;8;4.2;24485;19000
31;155;2;1;2;2.6;73995;8900
11;47;2;1;3;4.3;27949;12900
11;45;2;1;4;3.5;44190;15000
31;156;6;2;3;2;80733;7000
11;47;2;1;1;3.8;34363;11700
31;153;2;1;5;2.5;20370;12200
31;157;1;1;2;1.9;31884;13900
11;47;2;1;1;4.4;32160;16700
31;158;11;1;2;3.9;38076;17400
31;155;2;1;1;2.4;47076;10600
7;12;2;1;5;3.5;58023;10500
31;155;2;1;1;4.2;28391;13000
31;155;2;1;2;1.9;63540;4300
31;155;2;1;1;3.9;38131;12200
31;155;2;1;3;3.4;35782;12100
7;12;2;1;3;3.7;70151;9500
11;30;2;1;1;2.8;33305;9700
7;12;2;1;8;4.1;65771;12200
31;153;4;1;3;4.2;33096;13600
11;53;1;1;3;3.7;42446;13500
11;48;2;1;8;4.2;11427;16400
11;45;2;1;4;3.7;28067;19800
31;153;2;1;1;3.6;49800;13500
11;47;2;1;8;4.1;39132;12100
31;150;1;1;12;3.9;19438;18600
7;12;2;1;1;3.8;75658;9200
11;47;2;1;1;4.4;25054;17100
11;30;2;1;5;2.7;35970;10700
11;30;2;1;8;1.9;47843;8000
11;49;6;1;2;2.8;34840;8500
31;153;2;1;8;3.4;43155;12500
31;153;2;1;2;3.6;36233;14600
31;157;1;1;1;3.7;48942;22800
31;153;4;1;3;4.1;34331;17400
31;153;2;1;2;1.9;24169;13300
31;158;11;1;12;3.8;32967;20100
11;47;2;1;2;2.9;37801;10800
31;153;2;1;3;3.9;43775;13000
7;154;3;1;4;4.2;46700;11500
13;42;9;1;2;3.8;20181;19500
31;155;4;1;4;1.9;19340;11200
31;153;2;1;2;4;33248;14700
31;157;1;1;1;4.5;23288;26750
7;154;4;2;8;4.4;28781;20250
31;155;2;1;2;2.3;71774;8900
13;42;9;1;1;4.1;29331;19500
31;150;1;1;3;3.7;43096;19250
11;47;2;1;2;2;53284;8000
11;47;2;1;1;4.4;23468;17500
11;49;6;1;8;3.1;44259;7900
31;153;2;1;2;4.1;42418;12800
11;53;1;1;2;4;56451;13400
31;153;2;1;5;1.9;35287;12800
7;154;3;1;1;2.5;63964;9000
13;42;9;1;1;4.6;30475;18500
31;157;1;1;2;2.5;51201;17000
7;12;2;1;2;2.9;120695;6000
11;30;2;1;8;4.1;29954;11300
31;155;4;1;5;1.9;29149;7500
31;155;2;1;1;3.8;30961;12500
11;30;2;1;3;4.2;34411;11600
11;53;1;1;8;2;40716;10100
13;42;9;1;2;4.4;17857;20500
13;42;9;1;1;4.1;21493;20250
13;42;9;1;2;4.5;4220;22250
31;153;2;1;2;3.9;27112;13500
31;155;2;1;5;3.6;47851;11400
11;30;2;1;3;3.6;39015;11100
31;153;2;1;5;4;28633;13600
11;47;2;1;3;2.5;40057;14400
31;159;6;1;1;4.3;25162;20200
11;45;2;1;11;4.2;35967;18600
7;12;2;1;8;3.2;108714;6600
31;153;2;1;5;4.2;46058;13200
31;155;2;1;8;3.9;40568;11900
11;45;2;1;5;4.3;72006;14200
7;160;11;1;13;3;50382;12000
13;42;9;1;2;3.5;35614;17500
11;45;2;1;3;4.5;48016;16500
32;161;1;1;5;3;12101;14950
7;12;2;1;5;4.3;7521;14500
11;44;1;1;13;4.1;30188;12500
31;150;1;1;8;3.3;45307;18200
31;155;2;1;3;3.7;43894;12000
31;155;2;1;3;2.8;65969;11100
11;49;6;1;3;3.8;35087;9600
13;42;9;1;2;4.3;13827;20000
31;153;2;1;5;3.1;42990;13600
7;12;2;1;3;3.2;116173;6600
7;12;2;1;5;2.9;45663;11600
31;153;2;1;2;3.1;35404;15800
31;158;11;1;5;3.6;34467;22250
11;30;2;1;3;2.6;56172;11000
7;154;3;1;4;3.7;49668;11200
11;52;2;1;6;3.7;39542;17700
7;12;2;1;1;2.8;62752;9800
11;30;2;1;3;4.1;43939;11000
7;12;2;1;4;3.4;41949;10900
31;153;4;1;3;1.9;32635;12100
7;12;2;1;1;3.9;66109;8900
31;153;2;1;5;3.8;27263;14100
13;42;9;1;1;4.1;12083;20500
7;162;2;1;3;3.6;62827;11500
13;42;9;1;3;3.3;33958;17000
31;157;1;1;5;3.9;35374;17200
31;157;1;1;1;3.9;78603;23000
31;153;2;1;3;2.3;19873;12700
31;157;1;1;1;3.2;28883;24000
7;162;2;1;3;4.2;85743;11000
11;47;2;1;1;4.1;36369;12700
7;12;2;1;5;3.4;45384;12100
31;155;2;1;1;4.1;103097;8800
31;157;1;1;3;3.5;29120;23000
13;41;8;1;3;4.7;13076;23000
31;155;2;1;3;2.4;36218;10600
11;48;2;1;3;5;17437;17400
11;45;2;1;3;4;28016;19100
11;53;1;1;3;2;44645;12000
13;163;23;1;3;2.4;5710;26250
7;154;4;1;4;3.6;37966;12100
7;12;2;1;1;3.8;51424;11250
31;153;2;1;5;4.4;33415;13400
31;157;1;1;8;2;36828;17200
31;153;2;1;5;3.5;30866;13900
31;157;1;1;3;3.8;35501;23500
31;153;2;1;5;3.7;36706;14000
11;47;2;1;8;4;42665;11600
13;42;9;1;2;3.5;19831;18500
7;12;2;1;13;4.1;39057;10800
7;12;2;1;8;3.8;52012;9250
31;153;2;1;3;1.9;14528;14000
11;47;2;1;3;4.1;35584;12700
7;12;2;1;3;3.4;69921;9100
7;154;3;1;3;3.3;47558;11400
11;45;2;1;12;3.4;74227;13800
13;42;9;1;3;4.7;14334;20250
31;157;1;1;3;3.7;57075;24500
11;47;2;1;5;4.5;35729;16300
7;154;4;1;1;4.1;64757;13250
31;153;2;1;3;4.6;39312;15800
11;49;2;1;2;3.5;42403;8000
11;47;2;1;5;4;40065;11900
31;153;2;1;2;3.5;30908;14100
31;153;2;1;2;1.9;31377;12500
11;47;2;1;1;2.2;28181;10200
31;155;2;1;4;3.7;43570;12200
31;155;4;1;8;2.1;44061;9700
31;153;2;1;1;2.6;24318;12300
11;45;2;1;3;4.6;40341;19800
31;158;11;1;7;3.2;83734;13700
11;30;2;1;2;3.6;34230;12700
31;155;4;1;3;2.6;56731;9100
13;42;9;1;2;4.4;20345;19000
31;155;2;1;2;2.1;32403;11500
31;155;2;1;2;1.9;14958;12800
11;30;2;1;3;2;37504;7100
11;52;2;1;3;4.5;46218;18000
31;153;2;1;3;2.1;25626;13100
7;12;2;1;2;2.8;85069;7900
7;12;2;1;2;3.7;37315;12200
11;47;2;1;2;3.7;48502;11500
31;155;4;1;8;3;44830;10750
7;12;2;1;1;4.1;64948;12000
31;158;11;1;2;3.6;36351;19100
7;12;2;1;5;3.5;28992;12200
31;153;2;1;5;4.2;20187;15300
11;45;2;1;5;3.9;61835;11800
13;42;9;1;2;2.6;30100;15000
31;155;2;1;3;2.2;35823;11200
11;49;2;1;8;1.9;40558;7900
7;162;2;1;2;2.5;55817;10600
31;153;2;1;1;4.4;25954;17800
7;160;11;1;13;1.9;70018;11000
7;162;2;1;1;2;56916;10200
11;47;2;1;2;3.5;60874;10000
31;159;6;1;1;4.1;32023;18400
31;155;2;1;2;2.6;21036;11300
13;43;1;1;3;3.5;31204;26250
31;159;6;1;2;2.5;27308;16600
11;30;2;1;3;1.9;44225;10600
11;47;2;1;1;3.3;44051;15000
13;163;23;1;3;3.8;25421;27500
13;42;9;1;8;3.7;27599;19000
13;42;9;1;1;4.3;18752;20000
32;164;1;1;5;4.3;64883;29000
13;41;8;1;3;4.4;11090;24000
11;45;2;1;3;1.9;29454;14400
11;165;1;1;5;4.5;24444;19600
31;158;11;1;5;4.6;37403;26500
31;155;2;1;2;3.4;24651;13400
31;155;2;1;5;2.1;42543;11000
13;42;9;1;3;3.8;31239;19000
31;155;4;1;1;2.5;25315;10900
31;153;2;1;5;4.3;38065;14600
15;59;2;1;1;4.2;24090;23000
13;42;9;1;1;4.3;26216;22750
13;42;9;1;8;3.6;28549;21250
18;69;6;1;1;3.6;36963;14500
18;69;6;1;1;3.1;15090;14000
1;72;2;1;1;3.9;40324;10000
21;166;2;1;3;4.5;12912;49000
18;69;6;1;4;3.7;23278;13000
13;42;9;1;2;4.4;31557;23000
15;68;2;1;3;4;34837;27500
14;166;1;1;2;2.9;33667;12750
10;167;2;1;5;2.7;45140;18500
18;69;6;1;1;4.2;54588;13000
13;42;9;1;8;4.3;27289;22500
18;69;5;1;10;3.7;37322;16200
21;166;3;1;5;4.2;16234;53000
10;167;2;1;1;1.9;97900;11400
13;166;1;1;2;4.2;74806;34250
10;28;1;1;2;3.6;47516;22500
13;42;9;1;2;3.5;21927;21000
13;41;8;1;3;4.1;31584;22250
18;69;6;1;4;3.8;32031;14000
10;168;6;1;1;4.5;31349;24250
14;55;1;1;4;3.8;39702;25000
18;69;6;1;4;3;45476;12000
17;60;2;1;2;3.6;47221;9500
20;60;2;1;2;4;34103;13750
10;28;1;1;1;4.3;83857;22000
1;1;1;1;5;4.8;81598;11900
18;69;6;2;2;4;17524;19000
20;169;1;1;3;4.1;33220;32000
18;69;6;1;2;4;39841;13500
21;166;2;1;3;3.3;20861;50000
10;28;1;1;1;4.3;33323;31500
13;42;9;1;8;4.2;33382;22500
1;72;6;1;3;2.4;87145;7000
1;80;1;1;8;3.8;41879;16500
17;60;2;1;1;4.1;33290;15500
18;69;6;1;6;4.2;16106;15750
18;69;6;1;2;3.9;18978;15000
14;81;1;1;3;4.4;71702;18250
10;28;1;1;2;4.2;35965;27500
18;69;6;2;4;3.8;32427;13750
14;55;1;1;1;3.3;58226;21800
10;167;2;1;2;2.2;49618;18800
21;166;2;1;5;4.2;10743;40750
18;69;6;1;1;3.9;26366;14000
21;166;3;1;2;3.8;14806;53500
13;42;9;1;2;2.9;54252;17300
13;42;9;1;3;3.4;33849;20000
18;69;6;1;8;3.3;32407;19000
15;59;2;1;1;3.8;48020;20250
13;42;9;1;3;2.4;40700;20750
13;62;2;1;1;4.4;45538;29250
21;166;4;1;3;2.1;9708;43200
15;68;3;1;1;3.5;43642;27900
13;42;9;2;3;3.5;25896;25250
18;69;6;2;4;3.8;34689;11700
15;59;2;1;5;2.8;9628;22500
18;69;6;1;8;3.5;39614;16250
13;42;9;1;3;3.8;19479;21250
13;62;2;1;2;4.5;26668;27250
21;170;2;1;3;3.9;37908;30500
13;62;2;1;13;4.1;42871;24000
17;71;1;1;3;4.2;21215;23750
13;62;2;1;13;4.2;31762;26500
1;80;1;1;3;4.1;28510;13700
15;68;4;1;1;4;28993;25500
13;62;2;1;2;4.1;30146;26750
18;69;6;2;1;4.1;17030;14750
18;69;6;1;8;4.3;18776;13500
17;70;2;1;2;4.3;17925;13500
1;1;1;1;1;4.8;53444;14500
18;69;6;1;10;3.8;42571;13500
18;69;6;1;8;4.4;19915;16000
15;59;2;1;1;3.5;33699;21250
1;72;2;1;3;2;18518;10250
19;170;1;1;3;3.6;56169;39500
21;170;2;1;8;3.4;26967;32250
13;42;9;1;3;4.2;22462;23500
18;69;5;1;10;3.6;30311;18500
13;41;8;1;1;3.4;37490;21000
1;1;1;1;5;3.6;32661;15200
18;69;3;1;8;3.7;26093;18750
13;42;9;1;3;4;31565;21750
1;11;2;1;2;3.7;54430;16200
18;69;6;1;8;3.7;29624;14500
13;62;2;1;2;4.1;31067;26250
14;81;1;1;5;3.9;92610;14500
18;69;6;2;8;4;25071;16750
21;170;2;1;1;4.4;22339;30500
1;72;24;1;1;3.8;37022;11500
15;171;3;1;3;4.5;19491;58750
18;69;6;1;1;3.6;42890;13000
1;11;2;1;8;1;47220;12900
18;69;6;1;10;4.6;20149;14750
13;42;9;1;1;4;26224;20750
10;28;1;1;2;3;36090;28500
13;42;9;1;3;4.4;26640;22750
15;59;2;1;5;3.5;34046;21750
17;60;2;1;3;3.1;49626;10750
18;69;6;2;4;2.8;41755;12200
15;59;2;1;3;2.9;20015;22000
13;42;9;1;2;4.4;52859;17500
18;69;3;1;4;3.8;41232;15250
1;64;5;1;10;3.4;51141;9800
21;166;2;1;8;2.8;27533;35500
17;70;2;1;2;3.7;48544;11000
15;68;2;1;1;3.6;41302;23000
13;42;9;1;1;4.4;49338;22250
18;69;3;1;4;3.6;36053;15000
15;68;2;1;3;4.1;32178;28500
18;69;6;1;2;4.6;19781;16500
17;70;6;1;2;2.4;33113;14500
13;41;8;1;2;4.1;49037;20750
13;42;9;1;1;4.4;31659;20750
21;166;2;1;3;3.8;63818;37000
10;28;1;1;5;4.2;33845;29750
13;41;8;1;3;3.8;43336;19500
13;62;2;1;2;2.9;47527;23750
13;42;9;1;3;4.1;17678;22000
1;172;11;1;2;3;66523;9000
13;62;2;1;1;3.1;43774;27000
15;68;3;1;2;2.1;29315;28500
13;42;9;1;3;3.5;25586;22500
13;41;8;1;3;4.2;44470;22500
18;69;6;2;2;3.6;79616;10250
10;167;2;1;3;3.6;13661;23000
18;69;6;1;1;4.3;8536;15500
10;167;2;1;6;3.7;33997;23500
1;64;5;1;5;3.5;51215;9300
14;55;1;1;4;3;42701;22500
19;85;1;1;2;4.4;19547;46500
18;69;6;1;4;3.8;22094;14500
1;11;2;1;2;4.6;42315;18250
13;62;2;1;5;4.3;18639;27500
18;69;6;1;8;4;28155;15000
17;70;6;1;2;4.6;26072;14750
1;11;2;1;1;4.2;26375;15400
13;166;1;1;2;4.4;34994;42000
13;42;9;1;2;3.4;24873;20000
1;11;2;1;5;4.5;39404;10250
15;59;2;1;1;4.2;33942;21000
13;41;8;1;3;2.9;29700;21000
13;42;9;1;3;3.4;21609;22000
13;42;9;1;2;3.8;44583;19000
14;55;1;1;4;3.6;64624;20900
13;42;9;1;3;4.3;27834;20750
18;69;6;2;5;3.6;25245;12000
18;69;6;1;8;3.9;14416;16000
13;62;2;1;2;3.9;39257;25250
21;166;2;1;3;2.5;22095;35000
10;67;2;1;11;2.5;8055;23500
21;170;2;1;3;3.5;48806;28500
17;70;2;2;1;4.2;28481;9600
1;64;5;1;1;4.8;22047;12100
18;69;6;1;2;4.1;20462;17000
18;69;6;2;2;3.9;36557;15750
20;60;2;1;8;3.5;35825;14250
13;42;9;1;1;4.7;52545;20500
1;11;2;1;5;3.9;12267;17000
1;11;2;1;5;3.8;49523;14200
18;69;6;1;8;3.9;19744;14500
1;11;2;1;3;4.5;32284;15000
13;41;8;1;1;2.2;37322;19500
18;69;5;1;7;4.7;15738;17750
15;68;2;1;2;4.4;31215;29000
13;62;2;1;13;4.2;21235;28000
13;41;8;2;1;3.4;28778;23750
10;167;2;1;3;3.7;52392;21250
13;41;8;2;3;4;9633;27500
17;76;11;1;2;2.7;71064;10800
1;64;5;1;3;1;27086;3600
10;67;2;1;5;3.9;31675;24100
10;167;2;1;8;3.6;23023;21500
13;42;9;1;13;4.2;31852;21250
13;62;2;1;2;4.3;36721;27250
13;42;9;1;1;3.9;23842;23250
1;1;1;1;1;3.9;57480;19400
13;42;9;1;8;2.3;43860;16750
13;42;9;1;3;4.2;44905;23000
14;166;1;1;5;3.5;36431;14100
13;42;9;1;8;4.4;17031;21000
13;42;9;1;8;4.2;29871;21750
13;62;2;1;3;3.8;35421;27750
18;69;6;1;4;3;21054;13750
13;62;2;1;3;3.9;31821;25500
13;42;9;1;3;4.2;42321;21000
13;41;8;1;2;3.9;30681;22750
13;41;8;1;2;3.5;33491;23250
10;173;2;1;1;3.8;90943;20750
17;70;2;1;3;3.4;41550;11250
13;42;9;1;2;3.5;29586;22750
18;69;6;1;8;3.6;26865;14250
15;59;2;1;1;4.8;32711;23500
18;69;6;2;4;3.9;48311;13000
13;62;2;1;3;4.2;29321;26000
14;166;1;1;5;4.3;29745;15750
18;69;6;1;8;3.7;43544;12300
13;62;2;1;13;2.7;18725;29500
21;170;2;1;1;4.8;28823;32000
18;69;6;1;8;3.8;27277;13500
15;68;2;1;13;4.1;28489;29000
14;173;1;1;1;3.7;142823;5900
13;42;9;1;11;3.3;32906;21000
1;72;2;1;2;2.6;77875;6500
15;59;2;1;13;3.8;34087;20000
13;42;9;1;2;4;42171;20250
18;69;6;1;4;4.5;28376;14000
13;62;2;1;2;3.4;31389;25500
19;85;1;1;1;4.5;30055;34500
18;69;6;2;10;4.3;4975;18250
13;42;9;1;1;4.2;28412;21250
17;70;2;1;2;3.7;64821;9500
4;5;2;1;2;2.5;35691;10500
15;56;2;1;13;3.3;40158;40500
4;107;2;1;3;3.6;33730;10400
15;171;3;1;5;3.9;26776;20500
4;92;6;1;13;4.6;39384;12000
4;5;2;1;11;4.6;37161;12250
4;5;2;1;4;3.5;61267;9800
33;1500;25;1;1;3.6;81338;10000
4;5;2;1;1;3.8;36353;12000
4;5;2;1;8;2.5;77489;8000
23;99;2;1;3;3.5;48994;17000
4;104;2;1;8;1.9;57933;10000
4;5;2;1;8;2.9;53958;10000
4;5;2;1;1;2.6;41233;10400
4;5;2;1;13;3.8;48019;11600
4;5;2;1;3;2.9;39056;12600
4;5;2;1;3;4.5;35285;12700
4;29;6;1;5;2.5;32712;8100
4;5;2;1;1;3.6;40330;11500
4;173;13;1;1;1.9;137729;10500
4;104;2;1;3;2.1;30786;15000
24;96;6;2;8;3;27182;23750
23;93;2;1;4;4.3;59349;15600
4;5;2;1;13;4.2;41516;13500
4;5;2;1;2;3.5;39109;10400
4;107;2;1;1;2.8;76716;7400
4;115;1;1;3;2.7;70973;26000
4;174;4;1;2;3.7;20307;61000
4;92;6;1;3;2.8;21393;11250
15;83;1;1;1;4.4;18266;37500
15;83;1;1;2;4.6;29338;34000
4;5;2;1;1;3.5;68499;10500
4;29;6;1;3;3.1;58768;8400
15;83;1;1;2;3;54184;28500
4;92;6;1;13;4.6;37937;10750
15;83;1;1;2;3.5;57821;27750
26;105;1;1;3;3.9;49086;38750
4;115;1;1;5;3.3;33561;24000
4;5;2;1;1;4.3;26506;14750
26;118;2;1;2;4.1;49288;49750
23;93;2;1;3;2.8;52277;12900
4;5;2;1;2;4.3;12490;15000
24;119;1;1;2;2.3;32594;16000
33;1500;26;1;1;4.4;52039;17300
4;5;2;1;13;3.9;31174;12250
26;118;2;1;4;3.8;29549;51500
25;174;6;1;12;3;19565;13000
15;83;1;1;3;2.4;59940;25000
4;5;2;1;3;4.4;45196;12200
4;5;4;1;8;2;26390;10200
26;105;1;1;2;4.6;42303;41500
4;107;2;1;8;1.9;61044;5000
15;56;2;1;3;2.9;63968;31250
4;5;2;1;4;2.9;60716;9100
4;5;2;1;1;1.9;37887;19000
4;5;2;1;13;4.1;25209;15400
15;56;2;1;2;4.2;34751;37500
15;83;1;1;2;3.5;60646;26250
4;5;2;1;7;4.1;40578;12000
15;56;2;1;13;3.5;38680;41750
4;5;2;1;8;3.7;25317;13000
15;83;1;1;3;3.8;61663;26801
33;2500;7;2;1;4.6;31537;36000
4;5;2;1;1;4.4;13853;13250
26;911;4;1;3;4.4;16480;72500
4;5;2;1;5;4.1;60795;12500
4;5;2;1;1;4.3;52004;11250
4;92;6;1;1;3.9;18201;12500
4;5;2;1;13;4.3;34336;12000
4;5;2;1;3;3.6;61281;9800
4;5;2;1;1;3.9;20829;13250
4;5;2;1;1;3.5;33732;12500
15;83;1;1;13;3.8;58460;27750
4;29;6;1;1;4.2;41746;9300
4;102;1;1;1;4;26320;16000
4;5;2;1;1;3.6;26203;13000
4;5;2;1;3;3.7;31843;15250
4;5;2;1;1;3.9;44525;11500
4;5;4;1;1;4.4;11015;15250
4;5;2;1;1;4.3;34554;14750
4;5;2;1;1;4.1;22467;13000
26;118;2;1;6;4.1;38926;50500
25;174;5;1;5;3.5;18257;12700
26;105;1;1;2;4.3;27043;44500
4;5;2;1;1;2.7;98380;8250
16;175;2;1;5;2.5;48910;9500
4;5;2;1;1;3.7;21689;12000
4;5;2;1;1;2.9;45473;12100
23;93;2;1;3;2.9;82708;12200
4;5;2;1;13;3.8;45288;11250
4;109;17;1;1;2;227606;5100
4;5;2;1;1;4;44039;12900
4;5;2;1;13;3.8;65320;10250
15;68;2;1;3;3.8;46114;24000
15;56;2;1;3;3.5;36395;43500
4;5;2;1;13;2.5;21756;11250
4;5;2;1;1;2.6;40281;11250
15;83;1;1;1;2.8;53595;32000
4;5;4;1;2;3.6;50358;12000
4;115;1;1;2;2.4;33829;24000
4;5;2;1;1;4.2;74249;10250
4;5;2;1;13;2.1;34994;11100
4;92;6;1;13;4.4;16312;12750
4;5;2;1;7;3;14887;11500
16;65;1;1;2;3.9;28647;11200
4;5;2;1;1;3.6;20526;12500
15;83;1;1;3;3.4;59472;28901
4;5;2;1;13;3.7;25195;12000
16;58;1;1;8;2.6;44491;13000
4;102;1;1;2;3.6;25635;15250
4;5;2;1;1;2.1;26220;10750
4;5;2;1;1;3.5;11951;13700
24;96;2;2;8;2.7;36323;20800
4;92;6;1;5;4.5;38247;9000
4;92;6;1;3;4.8;26920;12000
4;5;2;1;3;3.4;66364;10500
4;5;2;1;13;3.7;36688;12400
4;107;2;1;3;3.5;34155;10400
4;92;6;1;3;3.4;19395;11000
4;29;6;1;4;2.9;33641;9600
4;102;1;1;4;2.9;41350;14000
4;5;2;1;2;4.3;18891;15500
4;5;2;1;1;3.2;40401;12200
24;114;2;1;2;2.9;69460;12500
15;83;1;1;5;4.5;68895;25000
16;58;1;1;3;4.2;37816;12600
4;102;1;1;5;2.6;56424;12250
15;83;1;1;2;3.1;60981;26250
4;109;7;1;3;2.1;81015;13300
15;83;1;1;2;2.2;42503;29750
15;83;1;1;2;2.7;55050;27900
4;5;4;1;5;3.4;26958;13500
4;5;2;1;1;4.1;53345;8400
15;83;1;1;1;4.6;18330;36750
4;5;2;1;1;4.5;27499;13000
4;102;1;1;3;4.1;44066;14250
4;5;2;1;1;2.8;59724;10600
4;5;2;1;13;4.8;33533;12500
4;92;6;1;3;4.8;13406;12900
4;92;6;1;3;4.4;33846;12100
4;107;2;1;5;3.7;71281;9100
4;5;2;1;1;3.9;52631;11900
4;5;2;1;1;3;43615;10000
15;83;1;1;2;1.9;64548;23500
15;83;1;1;3;2.7;60867;26500
4;104;2;1;13;3.1;55684;16500
15;83;1;1;3;4.2;59052;30250
23;93;2;1;5;2.8;28605;15200
4;5;2;1;1;2;27826;11000
4;5;2;1;5;2.3;31702;10250
4;92;6;1;8;4.1;35541;11000
4;5;2;1;1;2.6;29636;10750
33;1500;26;1;5;4.5;62646;15750
4;5;2;1;13;3.8;36396;12400
4;29;2;1;8;4.4;53923;8200
34;175;6;1;5;4.4;39963;7250
4;5;2;1;3;4.1;6265;13000
4;5;2;1;1;3.2;23090;12750
2;2;4;1;1;2.8;31272;21750
2;2;3;1;3;3.9;31946;27000
2;2;2;1;3;4;52875;18000
2;2;2;1;3;4.3;31315;20750
2;2;2;1;2;4.6;11802;23000
2;16;2;1;3;4.3;40276;28600
6;8;2;1;3;2.6;34058;16000
23;87;2;1;1;2.1;60316;8300
22;175;2;1;3;1;31165;11500
2;2;2;1;2;4.3;42012;25500
2;2;2;1;8;4.2;33322;20000
2;2;2;1;10;4.3;13579;20500
23;108;6;1;12;4;36550;16300
2;2;2;1;1;4.4;23723;28500
3;3;2;1;2;2.9;32782;15700
2;176;6;1;2;3.9;22507;31500
2;2;2;1;2;4.1;29856;22000
2;2;2;1;2;4.9;24496;20500
2;2;2;1;3;3.5;17914;22250
3;177;1;1;3;3.4;32783;23000
9;125;1;1;2;2.5;60189;18100
2;2;2;1;8;3.9;38514;21000
2;2;2;1;1;4.8;24949;22250
6;177;4;1;1;2.6;77489;20250
3;3;2;1;1;4.1;60252;14750
2;2;2;1;1;4.5;10492;30000
2;2;2;1;3;3.6;43616;19000
23;120;1;1;8;3.8;31180;21500
22;176;1;1;1;1;27673;11300
2;2;3;1;3;4.5;13179;31750
2;2;2;1;3;3.6;28727;20750
2;2;2;1;3;4.4;43583;19250
2;2;2;1;1;4.3;36736;20000
2;16;2;1;2;2.7;47803;26000
2;2;2;1;1;4.4;31517;26250
2;2;2;1;1;3.4;26258;20500
2;16;2;1;3;4;22808;27500
2;2;2;1;3;3.8;17332;22250
2;2;2;1;3;4.3;25000;22500
2;16;2;1;3;4.7;55951;23300
2;2;2;1;2;3.4;61948;17000
2;2;2;1;2;3.6;57023;17000
2;2;2;1;3;4.3;30673;21000
2;2;2;1;1;4;56559;17250
2;2;2;1;1;3.1;29482;15000
23;87;2;1;1;3.4;61702;10100
2;2;2;1;2;3.5;27154;21500
6;13;1;1;2;3.6;68316;25000
3;88;1;1;3;4.4;65779;15500
2;2;2;1;3;3.8;17962;22500
23;120;1;1;5;2.8;31143;24000
22;177;6;1;4;1;33529;12200
2;2;2;1;3;4.5;27335;25000
2;2;2;1;3;3.7;37846;16600
2;2;2;1;1;4.2;40691;18750
3;3;2;1;5;4.1;16965;19000
2;2;2;1;2;4.3;54792;17500
22;86;2;1;3;2.6;51490;10500
2;2;2;1;2;4.9;25219;21500
6;177;2;1;2;3.9;34952;29250
2;623;2;1;3;2.9;20585;44000
2;2;2;1;1;4.7;30014;19500
2;2;2;1;1;3.7;31324;20500
2;2;2;1;1;3.7;39447;21750
2;2;3;1;1;2.9;28153;28000
2;2;2;1;3;4.4;75058;20650
2;2;4;1;1;3.8;21150;22250
2;2;3;1;3;3.4;28610;25000
2;123;2;1;3;4.2;62079;27750
2;623;3;1;13;3.9;37097;38500
3;3;2;1;4;3.5;30389;15400
2;2;2;1;1;4;30889;21750
2;2;2;1;3;4.5;14893;23000
2;2;2;1;1;3.8;45284;25750
2;2;2;1;2;4.6;40027;24000
23;103;15;1;3;2.9;91015;19750
2;2;2;1;3;3.9;44401;19500
2;2;2;1;3;4.9;10609;23250
2;2;2;1;1;4.3;30669;22750
2;2;2;1;3;2.7;34599;21700
23;108;6;1;2;2.8;41155;14700
22;177;2;1;1;3.7;30759;14400
2;16;2;1;2;3.1;25061;29500
2;2;2;1;2;3.4;19170;20300
2;2;2;1;1;4.5;31602;20500
3;3;2;1;5;4.4;24019;22000
23;87;2;1;5;1.9;42726;9700
2;2;2;1;1;3.4;49485;18500
2;16;2;1;8;2;115139;16200
2;2;5;1;1;4.4;32741;24750
2;2;2;1;1;4.5;14055;21100
2;2;2;1;3;4.2;30107;21750
23;87;2;1;13;2;55703;8500
22;177;6;1;8;4.2;24240;16300
3;3;2;1;4;2.6;48565;12500
2;2;2;1;3;3.7;23281;21000
2;2;3;1;1;2.4;31572;23500
2;2;2;1;3;3.9;17258;22750
2;16;2;1;2;3.9;17456;28500
2;2;2;1;3;3.5;27588;20500
9;37;1;1;3;2.8;39739;25250
2;2;4;1;3;4;62300;16800
23;87;2;1;5;4.4;55665;10500
3;3;2;1;2;3.7;19529;16000
2;16;2;1;1;2.8;38678;28000
23;93;2;1;4;4.3;54649;17250
2;2;2;1;1;4.3;26844;21000
2;2;2;1;3;3.6;34391;20500
2;2;2;1;1;4.2;42886;18000
3;3;2;1;8;4.3;36438;16000
22;98;6;1;1;1;28750;11200
2;2;2;1;3;4.4;24382;23000
6;177;1;1;3;3.8;79245;28500
2;2;2;1;3;4.6;42173;19500
6;20;3;1;2;2.6;35177;29750
2;2;3;1;1;3.8;49765;29000
23;120;1;1;2;4.4;83985;26000
22;95;2;1;2;1;29802;8400
22;95;2;1;13;1;18083;9500
2;2;4;1;3;2.7;30517;19750
6;13;1;1;1;4.8;39717;28500
22;177;2;1;3;3.7;26245;16500
2;16;2;1;1;2.1;58778;26250
2;2;2;1;3;4.1;42405;25750
2;2;2;1;8;4.3;39120;19500
23;93;2;1;13;4.4;27262;18200
2;2;2;1;1;3.9;22843;22250
2;2;2;1;8;4.3;36808;17900
2;2;2;1;2;3.7;20363;19500
22;95;2;1;13;1;15820;8500
23;89;11;1;1;2.8;34357;16600
2;16;2;1;8;2.8;79848;20800
2;2;4;1;4;1.9;29939;17000
2;2;2;1;2;3.7;34693;20500
2;2;3;1;3;4.1;24708;29000
2;2;2;1;3;4.4;29792;20500
22;95;2;1;13;1;29808;7800
2;16;2;1;6;3.9;39277;27500
2;2;2;1;3;4.2;24856;28250
2;2;2;1;2;4.2;20062;21500
23;178;1;1;2;1.9;35166;8200
2;2;2;1;1;4.4;31979;23000
2;2;3;1;1;3.4;41971;29000
2;2;4;2;1;4;29992;22250
2;2;2;1;3;4.5;49117;23000
2;16;2;1;7;4.3;39422;28750
9;122;2;1;3;3.5;30431;16800
2;2;2;1;2;4.5;36389;21500
2;2;2;1;3;3.1;31785;21250
23;103;14;1;1;4.2;45514;21400
22;95;2;1;1;3.7;64675;8500
2;2;2;1;3;2.9;25764;18600
2;2;2;1;1;4.8;27985;21750
2;2;3;1;3;3.4;22819;30250
2;2;2;1;3;2.9;25339;21250
3;18;5;1;1;4.8;27057;26750
2;2;2;1;2;3.7;36073;19500
3;3;2;1;1;2.2;20697;15750
2;2;4;1;4;2.8;34092;18500
22;95;2;1;13;1;31935;7700
2;2;2;1;2;3.5;35158;18900
22;95;5;1;1;4.3;91794;8100
2;2;4;1;2;2.1;49662;18000
22;177;6;1;2;3.6;51067;15250
2;2;2;1;3;4.4;26145;21250
2;2;2;1;1;4.1;46979;23000
2;2;2;1;3;3.4;29798;20500
2;2;2;1;4;3.9;26763;22000
2;2;2;1;2;3.9;46565;17300
6;17;5;1;13;2.7;43098;16000
2;16;2;1;8;3.8;51203;26500
3;3;2;1;2;2;52925;12750
22;176;1;1;13;1;15750;13900
2;2;2;1;3;4.6;46258;22250
2;2;3;1;3;4.3;40681;30000
2;2;2;1;1;4.8;27373;18500
2;16;2;1;3;4.6;21645;34500
2;2;3;1;2;4.6;30816;23500
2;2;2;1;8;4.4;29932;20500
2;2;2;1;3;4.3;30185;20500
3;3;2;1;1;4.2;43827;16500
2;2;2;1;1;4;35905;20250
2;2;2;1;1;4.7;50414;18000
23;165;6;1;10;3.7;46288;22200
23;87;2;1;2;3.2;46204;10900
6;8;2;1;2;1;42301;14100
3;88;1;1;3;4.2;49150;17000
2;2;2;1;3;3.6;36996;19500
2;2;2;1;3;4;24304;21750
7;12;2;1;3;2.9;88759;6100
13;42;9;1;2;4.4;42648;17000
27;135;2;1;2;2;71171;12250
13;42;9;1;1;3.5;39834;17000
13;42;9;1;3;4.2;31234;18500
13;42;9;1;3;3.5;31757;17000
13;42;9;1;3;3.6;28066;17000
29;200;2;1;8;1.9;78503;7300
5;137;1;1;2;2.7;29994;12500
7;127;1;1;1;3.9;95391;9750
7;133;2;1;5;4.1;73147;6800
7;128;1;1;1;4.7;27219;21400
2;179;1;1;6;4.1;37428;25250
5;38;21;1;8;3.7;106535;12750
31;153;2;1;2;3.3;29864;13400
31;153;2;1;8;3.9;32555;12800
31;165;6;2;3;2.7;53684;8800
7;143;19;1;5;3.5;62174;20900
13;42;9;1;2;2.4;33501;14000
11;47;2;1;1;4.3;49429;11600
29;300;2;1;3;2.6;22319;20000
5;27;2;1;5;3.1;53919;9500
27;141;11;1;1;2.5;41605;8100
13;42;9;1;2;3.4;32832;17500
7;12;2;1;2;1.9;96063;5400
11;44;1;1;1;3.9;46390;13200
7;143;22;1;3;3.7;29711;27100
13;165;1;1;3;4;44993;23250
2;40;1;1;3;2.9;38650;25000
7;128;1;1;3;3.3;43357;19000
5;21;1;1;2;3.6;110465;21500
7;12;2;1;1;4.1;88004;8750
13;42;9;1;2;3.7;25606;17500
2;40;1;1;13;3.8;39989;33750
13;42;9;1;8;3.6;37823;16500
5;130;1;1;5;4.1;110618;11300
11;47;2;1;3;3.6;38781;12600
32;181;21;1;5;2.7;31185;18000
7;154;4;1;3;3.9;34154;16000
7;160;11;1;1;4.3;115751;8600
13;42;9;1;1;2.9;32303;15750
2;623;2;1;2;2.4;30463;38500
12;182;2;1;5;3.7;67592;13300
5;182;5;1;1;3.4;102539;6400
7;128;1;1;5;3.9;27355;7750
5;15;2;1;1;3.5;82905;6400
7;12;2;1;3;4.5;36395;10000
7;143;25;1;4;3.9;67718;11800
31;153;2;1;2;2.9;26920;12600
31;153;2;1;3;1.9;16545;11000
31;153;6;1;5;4.1;66829;15000
7;128;1;1;3;2.3;37826;17300
5;131;7;1;1;3;113585;30000
13;42;9;1;3;3.5;35358;17000
7;127;1;1;13;4.1;57710;12600
11;47;2;1;1;4.5;79131;11500
13;42;9;1;1;4.8;34378;17250
5;130;1;1;2;3.5;67807;15600
11;46;2;1;3;3.7;36047;26000
2;179;1;1;1;4.7;24192;28500
11;47;2;1;5;4.6;39274;11800
12;182;2;1;3;3.7;38455;18250
11;30;2;1;1;1.9;124177;5400
13;42;9;1;3;3.4;31594;17000
31;150;1;1;2;2.2;39743;12600
13;42;9;1;1;2.9;38011;17000
8;182;2;1;3;3.5;47795;16250
7;143;22;1;1;3.6;91626;13300
8;39;1;1;3;4.4;45192;22750
31;156;6;1;2;4.2;62552;10100
13;42;9;1;3;3.6;44878;16750
13;42;9;1;8;2.8;21770;15500
13;43;1;1;2;2.8;54910;24000
27;165;1;1;5;3.7;23189;12400
11;45;2;1;3;3.1;83933;13000
8;150;1;1;3;4.3;53639;35000
5;185;1;1;2;3.6;68858;22750
27;184;4;1;2;4.3;75407;14500
8;165;2;1;3;3;56276;28500
13;165;1;1;8;3.4;18246;22500
7;143;19;1;1;3.6;90598;24250
13;42;9;1;2;2.6;41651;14500
13;42;9;1;1;4.3;15670;18500
7;127;1;1;3;2.5;48990;10200
11;45;2;1;5;4.2;62438;15000
7;136;5;1;2;3.6;78735;16750
13;42;9;1;1;4.6;29181;18250
5;27;2;1;1;2.7;75551;6500
5;9;4;1;1;4.5;31736;16200
11;46;2;1;5;3.8;38964;25500
13;42;9;1;2;4.3;42567;17000
8;39;1;1;1;4.3;44622;23250
7;143;19;1;8;3.9;181395;12250
31;153;2;1;2;1.9;40757;11600
7;12;2;1;13;3.9;101742;6800
7;143;22;1;3;2.1;48577;14250
12;182;2;1;7;2.6;47414;10000
27;141;11;1;1;3.3;90811;7100
5;137;1;1;1;4.2;89376;8900
13;42;9;1;2;3.5;19916;18750
11;30;2;1;5;3.9;42419;11700
13;42;9;1;2;3.9;17236;18500
7;12;2;1;3;3.6;41665;12000
7;162;2;1;13;3.6;81160;11750
7;136;5;1;1;3.1;103584;11300
11;46;2;1;2;3.5;37173;25800
7;127;1;1;3;4.1;40204;20250
5;130;1;1;2;2.9;46706;14900
13;165;1;1;3;4.4;39118;23500
11;47;2;1;1;2.5;102884;8400
5;137;1;1;1;3.8;49945;13500
31;155;2;1;5;2.3;60305;8600
7;154;3;1;2;3.2;51850;12750
29;300;2;1;8;3.8;34994;16250
11;44;1;1;8;3.9;25305;12000
31;150;1;1;1;3.8;39379;17800
11;47;2;1;3;2.3;70093;10300
5;130;1;1;5;2.6;25305;18500
2;24 62;1;1;8;4.3;20131;51000
7;191;25;1;1;3.1;63943;10200
29;300;2;1;1;4.5;61030;18800
5;130;1;1;2;3.6;62184;13500
13;42;9;1;1;4.1;33493;18000
7;133;6;1;9;2.8;42971;9000
5;27;2;1;8;3.5;38609;9500
31;153;2;1;1;3.3;42629;13300
2;40;1;1;2;3.8;72841;27750
13;42;9;1;3;3.7;35378;17000
7;129;2;1;2;2.9;88326;6900
13;42;9;1;2;4.1;45179;17000
5;147;13;1;1;1.9;89928;10500
7;128;1;1;3;4.3;31519;23300
7;138;1;1;2;3.8;75162;17500
7;144;20;1;1;2;104702;9200
31;165;6;1;1;3.6;92485;8800
11;44;1;1;8;4;34104;12400
2;40;1;1;3;2.7;109626;23500
7;12;2;1;3;2;55866;12100
7;143;22;1;3;4.5;28696;22000
8;165;27;1;5;4.2;30066;38750
7;143;7;1;1;2.8;116307;9200
29;151;11;1;1;4.2;15452;16400
8;150;1;1;5;2.9;52462;35000
13;42;9;1;2;3.8;38225;16500
7;12;2;1;5;3.9;68000;10400
13;43;1;1;8;4.3;30140;28000
5;27;2;1;1;4.2;26321;11500
13;43;1;1;6;3.4;48901;28250
13;42;9;1;2;4.1;35292;18250
11;30;2;1;5;2.1;73792;8000
32;192;1;1;3;4.2;25234;19000
31;155;2;1;4;4.2;35122;11900
13;41;8;2;2;3.9;37613;23000
5;130;1;1;2;3.7;47221;15300
13;42;9;1;3;3.6;38975;17000
5;182;5;1;2;2.5;87230;5700
7;12;2;1;13;3.4;64713;10800
5;182;5;1;5;4.2;87257;6800
5;130;1;1;5;2.3;48114;14200
13;165;1;1;2;2.8;37909;21000
2;40;1;1;2;4.1;41298;27750
7;12;2;1;8;4.1;88131;9000
7;128;1;1;8;3.3;45968;19800
13;165;1;1;1;4;29866;25500
2;40;1;1;3;3.7;35226;33500
7;143;19;1;2;4.1;71995;21800
32;164;1;1;3;3.5;26430;35750
5;27;2;1;13;3.7;56866;10100
27;165;1;1;3;3.4;67528;11900
5;15;2;1;2;2.6;79243;8100
5;9;4;1;1;4.3;15189;20750
5;137;1;1;6;3.8;24779;20500
11;47;2;1;8;3.7;61750;10000
8;142;18;1;1;2.7;47810;20000
31;153;4;2;3;3.5;44102;11000
27;135;2;1;12;3;58165;14900
7;162;2;1;2;3.7;75442;10300
2;40;1;1;3;4.2;51126;28250
7;143;7;1;1;2.4;117084;13100
13;42;9;1;2;4.6;32637;17000
5;9;3;1;3;3.8;32841;18800
7;12;2;1;2;2.2;89361;5700
31;157;1;1;3;3.8;112274;16900
32;161;1;1;3;4.5;41811;15500
31;157;1;1;3;2.4;58762;18200
31;155;4;2;3;2.9;58395;13000
11;47;2;1;5;2.4;71195;10000
8;140;1;1;2;4.2;40009;38250
11;47;2;1;5;3.7;54419;11300
5;182;5;1;5;3.1;107036;5300
5;131;7;1;1;2.8;51189;22750
7;133;2;1;3;2.3;49543;5000
5;27;2;1;5;3.4;112196;6200
29;200;2;1;4;3;28278;12100
27;141;11;1;5;4.3;41633;15100
27;141;11;1;4;2;24313;12700
29;151;11;1;4;1;33836;11200
29;151;11;1;1;3.2;38641;20800
29;151;11;1;4;4.1;43064;20500
5;15;2;1;4;1;8195;14000
5;185;1;1;1;2.9;33120;30500
5;165;2;1;3;2.7;19069;11500
27;141;11;1;1;3;25496;15500
5;21;1;1;3;4.7;40391;41200
27;141;11;1;1;4;26182;15750
29;151;11;1;13;3;15298;19000
27;141;11;1;3;4;29558;15500
27;141;11;1;13;3;20406;16100
29;200;2;1;3;5;9799;15200
27;135;2;1;1;3;28113;16600
27;141;11;1;1;4.2;41508;19100
29;300;2;1;13;3;24870;22600
27;141;11;1;3;4.2;41512;16400
29;151;11;1;7;3;17537;19400
27;165;2;2;3;4.3;12356;13900
5;27;2;1;2;1;20545;12000
5;15;2;1;3;2;6663;13000
27;141;11;1;13;3;13792;17200
29;151;11;1;1;2;27457;18800
27;141;11;1;13;3;23468;15750
27;141;11;1;2;2;20000;15250
29;300;2;1;3;4.4;12910;38500
29;151;11;1;13;3;16921;19600
27;141;11;1;3;4;22495;16500
5;7;2;1;1;2.8;9648;12500
29;151;11;1;1;3;23758;19000
27;141;11;1;8;3.9;42358;16200
27;141;11;1;2;3.9;40864;16500
29;200;2;1;3;4;20300;14000
27;141;11;1;3;3;23490;15000
27;141;11;1;1;3;28653;15250
27;141;11;1;3;4;21537;16250
27;135;2;1;1;4;10824;20000
27;184;4;1;2;1;19062;15700
29;300;2;1;2;3;16863;19600
29;151;11;1;1;3.9;47027;16100
27;134;1;1;2;3;28641;15000
29;200;2;1;3;4.4;39030;11300
29;151;11;1;3;4;14436;20000
29;151;11;1;1;3.6;42851;18200
27;141;11;1;13;3;26146;16000
27;141;11;1;13;3;21492;16300
27;141;11;1;4;4.1;40862;16500
5;147;13;1;1;1;10428;3500
27;135;2;1;8;3;17504;17200
27;135;2;1;2;2;14875;14200
5;7;2;1;8;3.7;40894;10000
29;200;2;1;1;3;20195;13500
27;141;11;1;8;3;14433;17200
27;135;2;1;13;4;10794;17600
27;135;2;1;3;3.9;31991;17250
27;135;2;1;2;2;5962;8000
27;165;2;2;3;4.3;8980;14100
5;152;2;1;5;2;5657;3900
5;15;2;1;1;1;21587;7200
27;135;2;1;5;3;16295;17000
5;152;2;1;2;1;18257;5500
29;300;2;1;13;3;11330;20300
27;141;11;1;1;3;22801;17200
27;135;2;1;13;4;11941;17400
5;27;2;1;3;4.9;6874;16200
29;151;11;1;13;3;18975;19400
27;141;11;1;1;3.5;37670;19600
27;141;11;1;13;4;24052;15500
29;300;2;1;13;3;28045;21300
5;27;2;1;2;2;24142;13100
29;151;11;1;2;4.3;45371;17500
29;151;11;1;3;2;46156;12100
27;141;11;1;13;3;26199;15800
5;7;2;1;2;1;17607;11300
29;151;11;1;3;3;16577;19600
29;151;11;1;13;3;22903;19000
5;137;1;1;3;5;5720;24000
5;150;13;1;1;1;19991;14500
29;151;11;1;5;3;30042;17500
29;151;11;1;3;3;17301;19600
27;141;11;1;1;3;25500;16200
27;184;4;1;3;3.1;15108;19500
29;200;2;1;3;2;33326;5250
27;141;11;1;1;3;21545;16900
29;300;2;1;2;4.4;24481;22500
27;141;11;1;13;4;24951;16300
29;151;11;1;4;4.4;42434;16700
29;300;2;1;2;3;24769;18500
27;141;11;1;13;3;23871;15900
5;137;1;1;11;4.3;8051;16750
27;141;11;1;1;3;22277;15000
29;151;11;1;1;2;32186;14000
29;151;11;1;13;3;14015;20000
5;130;1;1;1;3.8;69242;16500
5;165;2;1;5;2;32172;3200
27;141;11;1;3;4.2;41206;16600
13;42;9;1;2;3.5;27330;19750
15;68;4;1;3;4.1;32058;23000
13;42;9;1;8;4.6;94470;13500
17;70;2;1;12;3.6;43292;11400
13;42;9;1;1;4.4;44949;20500
21;170;2;1;3;4.2;22555;33500
13;41;8;1;4;4.2;23107;24000
13;42;9;1;2;3.9;40826;20750
21;170;2;1;8;3.5;26500;24500
13;42;9;1;3;3.8;31104;20500
13;41;8;1;3;3.6;17394;23000
17;70;6;1;3;3.8;41057;13750
21;166;2;1;12;3.7;33305;44000
19;85;1;1;1;4.3;42101;38000
13;41;8;1;1;3.8;34460;21500
21;166;3;1;2;3.8;43231;33500
21;170;2;1;1;4.1;32817;27500
13;42;9;1;1;3.8;23967;20000
19;170;1;1;3;3.9;53634;46000
21;170;2;1;8;4.1;26431;27500
13;42;9;1;2;4.1;20093;18500
13;42;9;1;3;4.2;26783;22250
13;42;9;1;3;3.9;42036;19500
13;6237;2;1;2;3.9;72121;23547
13;42;9;1;2;4.2;29476;20250
21;170;2;1;2;3.8;31796;31500
13;163;23;1;13;4.3;32081;25250
13;42;9;1;2;4;45124;20500
15;83;1;1;3;4.4;45494;39000
15;188;13;1;1;4.4;59784;28500
21;166;3;1;3;2.7;43065;33500
13;163;23;1;3;4.6;22823;25250
19;85;1;1;6;2.8;28452;40500
13;42;9;1;8;3.7;31255;18000
21;166;2;1;1;4.1;44883;37000
14;166;1;1;10;4.1;40432;14750
13;42;9;1;3;4.8;38520;20250
21;170;2;1;3;3.2;61529;25500
13;42;9;1;6;4.1;48079;19500
17;70;2;2;2;1.9;53157;9250
13;41;8;1;8;3.7;28092;20000
13;42;9;1;3;4.1;37387;19000
13;41;8;1;1;4.6;51244;19000
13;6237;2;1;3;2.4;43237;14500
21;170;2;1;1;3.5;59548;18000
19;85;1;1;3;3.3;41169;36000
13;41;8;1;2;3.7;22952;25500
17;70;2;1;3;2.8;40027;10750
19;85;1;1;3;5;3794;46500
21;166;2;1;2;2.5;39932;33500
1;11;2;1;1;4;47576;16500
17;70;6;1;2;2.5;46328;10500
14;81;1;1;1;4;41686;21250
19;170;1;1;3;2.5;31927;34600
17;70;2;1;2;1.9;25342;8750
13;41;8;1;2;3.3;36119;19000
19;170;1;1;2;4.7;56574;42500
13;42;9;1;2;3.7;23476;21000
13;42;9;1;2;4.6;14990;20000
13;41;8;1;8;4.2;33489;20500
19;85;1;1;1;4.8;40101;39500
13;163;23;1;1;4.6;23330;27000
15;56;2;1;3;4.4;15154;31500
13;41;8;1;2;4.2;49807;21250
21;166;4;1;3;3.5;25199;35000
19;85;1;1;2;4.2;21409;39000
13;41;8;1;1;3.9;10916;24500
19;85;1;1;1;3.7;73832;31000
15;68;2;1;2;3;75939;19400
19;170;1;1;3;3.9;47019;40500
13;41;8;1;5;3.8;28638;21000
17;70;2;1;1;4;43523;12750
20;151;2;1;5;3.9;28028;22200
13;42;9;1;3;3.5;47287;18000
10;78;2;1;3;3.7;46239;35500
15;56;2;1;13;4.3;30260;42000
13;42;9;1;3;3.2;35487;18400
17;60;2;1;1;3.4;49358;11250
18;69;6;2;4;3.7;31471;11000
21;166;2;1;5;2.9;50637;32250
13;41;8;1;2;3.6;27013;22000
1;1;1;1;3;3.9;76997;10200
1;72;24;1;3;2;68988;5600
20;151;2;1;13;2.7;44720;15000
15;83;1;1;3;4.5;41511;26750
15;59;2;1;3;2.3;62492;19750
15;68;2;1;2;4.4;61083;25250
20;151;2;1;12;2.4;45586;16500
19;85;1;1;3;4.1;35959;38500
13;41;8;2;13;2.6;14233;27750
21;170;2;1;2;3.7;57325;27000
13;42;9;1;1;2.5;28390;14500
13;42;9;1;1;3.6;17145;22750
13;6237;2;1;3;3.7;44484;24000
13;163;23;1;3;4.1;33026;24750
13;42;9;1;1;4.8;31857;22500
21;166;2;1;8;2.9;31000;36000
17;60;2;1;5;1.9;34731;9250
13;42;9;1;3;2.9;41979;17250
18;69;6;2;1;4.2;77878;10200
14;73;1;1;5;2.1;38995;7750
13;42;9;1;1;4.5;22064;20000
13;42;9;1;8;3.6;18601;20000
13;42;9;1;5;3.8;17780;22750
10;28;1;1;3;3.7;41069;26000
13;42;9;1;3;3.2;29907;19500
13;42;9;1;2;4.1;43802;20000
17;70;2;1;2;1.9;46300;7000
19;85;1;1;3;4.3;40776;40500
21;166;4;1;8;1.9;42820;36500
18;69;6;1;3;3.8;57649;10000
19;85;1;1;1;4.4;30869;38500
21;166;2;1;10;3.9;62763;29000
13;41;8;1;3;4.3;31199;21500
13;42;9;1;13;2.7;15498;16750
13;41;8;1;8;4.2;39637;21500
21;170;2;1;3;1.9;45065;19750
13;42;9;1;2;3.8;80986;14300
21;170;2;1;3;3.5;38814;26000
13;41;8;1;2;4.2;22051;20500
15;59;2;1;1;4.4;25625;20500
17;70;2;2;2;1.9;39989;8250
19;85;1;1;1;3.9;59971;37500
13;42;9;1;8;2.1;41191;16000
13;42;9;1;3;3.5;34526;20250
17;70;2;1;2;3.7;33339;12750
13;42;9;1;2;2.7;38896;21500
17;70;6;1;2;3.1;39729;11500
13;42;9;1;8;3.9;37415;22000
13;41;8;1;1;4;48051;22750
13;42;9;1;1;4.1;52276;18750
15;59;2;1;3;1.9;29355;16250
13;41;8;1;1;4.4;39540;22500
1;72;2;1;5;3.5;36853;10600
15;68;4;1;5;4.2;18862;26500
13;163;23;1;1;3.6;45154;25250
13;42;9;1;1;4.3;30363;19000
13;42;9;1;3;3.7;55003;16250
21;166;2;1;8;2.9;25038;36000
13;42;9;1;2;4;24109;20750
10;167;2;1;5;3.4;81895;16000
14;55;1;1;3;3.7;33626;30750
20;151;2;1;4;2.9;45474;16500
19;85;1;1;2;3.9;27570;38000
21;166;3;1;2;2.9;35870;35500
19;85;1;1;8;3.7;44152;35250
15;68;5;1;3;3.1;71682;25000
17;70;6;1;5;2.9;36985;13000
13;163;23;1;2;3.6;32354;24750
13;42;9;1;8;4.1;25541;21500
10;151;1;1;11;3.5;36258;27250
17;60;2;1;2;3.3;52241;10750
13;42;9;1;2;4.1;28714;19000
15;83;1;1;1;3.9;59892;24750
13;42;9;1;1;3.9;37358;18750
13;42;9;1;1;2.3;25711;19000
20;151;5;1;1;3.7;34790;24800
13;42;9;1;1;4.5;38133;21000
1;1;1;1;10;3.5;54933;9500
13;41;8;1;2;3.7;29852;22500
15;83;1;1;2;4.3;70664;21000
17;70;2;1;2;4.3;34335;12500
10;78;2;1;5;3.6;57122;34500
13;165;1;1;3;3.4;72037;29500
15;59;2;1;13;3.3;30174;17000
13;42;9;1;3;3.8;28411;18750
13;41;8;1;3;3.4;11832;18000
21;170;2;1;5;3.5;42910;25500
13;41;8;1;2;3;16454;22000
21;166;2;1;3;2.2;37588;37000
13;41;8;1;1;4.1;48267;20250
1;11;2;1;4;3.6;34603;16750
13;42;9;1;3;2.8;38722;17500
15;83;1;1;13;4;56319;37000
17;151;1;1;3;3.9;33791;15400
13;42;9;1;2;4;25199;19000
13;41;8;1;1;3.7;42488;20000
19;85;1;1;1;4.1;36252;40500
15;59;2;1;1;2.7;43589;15500
13;42;9;1;2;4.8;33654;20500
17;70;2;1;1;3.6;45590;10750
1;11;2;1;3;2.5;26595;9500
19;85;1;1;1;3.6;26263;38000
13;42;9;1;13;4.2;19762;21000
1;11;2;1;4;4.6;24817;14000
15;59;2;1;1;4.3;33106;19750
15;68;2;1;3;3.6;23375;26000
19;85;1;1;3;3.8;53884;32000
13;42;9;1;3;4.3;38636;20500
1;1;1;1;8;2;74774;8000
15;59;2;1;3;3.6;15250;22500
15;68;4;1;5;4.4;47993;26000
14;73;1;1;1;2.8;44208;10400
17;70;6;1;2;3.4;43310;14250
13;42;9;1;3;4.9;38538;21000
22;95;2;2;1;1.9;9445;9250
23;108;6;1;5;3.7;31994;13800
23;87;2;1;1;4.4;33452;11600
24;96;2;1;5;3.9;35159;13000
4;107;2;1;3;3.7;37876;10500
4;104;2;1;1;4.1;43941;17500
4;104;2;1;3;4.8;45142;17300
5;183;2;1;4;3.7;55666;5900
27;184;4;1;3;1.9;105930;10500
23;178;1;1;8;2.7;82074;12000
4;5;2;1;1;3.6;91442;9500
23;87;2;1;1;1;291087;3600
26;118;2;1;3;4.7;54395;44000
4;92;6;1;1;3.9;36905;10500
23;89;11;1;5;3.5;42261;19750
5;185;1;1;1;2;50922;16250
4;107;2;1;2;2.1;66588;7100
23;87;2;1;2;1.9;44409;9250
22;95;2;1;13;1;32716;7100
22;95;2;1;5;1.9;62156;9000
22;95;2;1;13;1;31118;7400
4;115;1;1;4;3.8;63026;22250
4;5;2;1;3;2.6;49171;12500
4;5;2;1;3;4;37078;11800
4;104;2;1;3;4;24000;17750
22;95;2;1;2;1;30897;6800
5;137;1;1;2;4;77058;10700
24;96;2;1;8;3.6;49955;10700
4;104;2;1;3;4.2;37451;18750
23;93;2;1;3;4.5;19131;15600
4;102;1;1;1;4.2;21781;18000
4;121;1;1;8;2.7;40171;19000
5;137;1;1;7;4.3;32078;12500
24;186;5;1;1;2.5;52776;13500
5;15;2;1;3;3.5;92351;6100
23;93;2;1;2;2;40794;10300
23;108;6;1;3;3.7;69341;12400
4;104;2;1;3;4;40994;17750
22;95;2;1;1;1;42008;6100
2;2;2;1;2;3.5;66228;15500
4;90;6;2;2;3.5;46810;13500
27;186;5;1;11;2.3;65923;5500
23;93;2;1;2;2;45353;9250
4;104;2;1;1;4.4;41118;17000
23;108;6;1;8;4;47905;13600
5;130;1;1;8;1.9;100441;9000
5;9;4;1;5;3.6;89193;13500
4;107;2;1;2;2.8;100142;6200
4;5;2;1;5;3.3;100015;8500
5;9;4;2;9;3.9;42836;20900
5;9;4;1;2;3.9;49365;16200
22;186;11;1;13;1;49716;6700
27;126;2;1;5;3.4;119058;5200
2;123;2;1;7;3.7;64010;28500
23;87;2;1;4;2.8;90054;7800
23;178;1;1;3;4.5;25227;16100
4;92;6;1;3;4.8;31513;11000
6;8;2;1;8;2.7;38136;22500
23;93;2;1;1;2;92494;9500
4;5;2;1;13;3.6;75965;9600
2;2;2;1;1;2;75681;13100
5;15;2;1;8;2.3;99861;4800
5;15;2;1;1;4.3;70367;8600
22;95;2;1;3;1.9;44824;7100
4;107;2;1;3;3.9;32993;10800
29;187;2;1;1;2.3;77659;5600
4;104;2;1;1;4.5;32431;17500
4;115;1;1;13;4.1;40671;27000
5;21;1;1;5;2.2;65153;22000
23;87;2;1;2;2.3;53157;8800
23;116;5;1;1;3.2;33529;15000
12;182;2;1;2;2.3;102949;8400
5;15;2;1;2;3.4;74833;6200
27;135;2;1;3;1.9;95536;8800
23;93;2;1;1;2.6;27957;11000
27;135;2;1;3;4;34060;12100
15;188;13;1;5;2.5;159193;21000
24;186;5;1;2;3.4;42814;17250
4;5;2;1;1;3.4;49945;11800
4;107;2;1;1;3.6;39958;10750
2;2;2;1;3;3.1;86064;11250
5;38;7;1;1;3.6;45187;20600
5;149;21;1;1;2.8;69752;10400
29;300;2;1;2;2;53275;9500
4;102;1;1;3;2.7;36296;13750
23;93;2;1;2;3.5;95309;8900
23;94;14;1;1;3.4;30622;23500
23;178;1;1;11;4.3;55126;16500
23;120;1;1;2;3.3;85516;17500
4;104;2;1;8;3.5;54719;16000
4;111;5;1;5;1.9;104388;6600
24;186;5;1;8;3.3;52980;16900
4;104;2;1;3;4;32485;19000
22;95;2;1;1;3.7;95790;8600
4;5;2;1;4;2.6;47287;10000
29;187;2;1;1;1.6;83565;5400
4;107;2;1;8;2.8;17914;10250
5;189;4;1;3;4.5;25144;30500
27;135;2;1;3;2.7;64682;11300
6;8;2;1;3;2.4;47473;15000
8;39;1;1;2;4.6;36553;20250
22;177;6;1;2;2;18924;15500
23;112;1;1;3;4;93112;23250
23;87;2;1;2;2.5;81105;7500
4;5;2;1;1;3.8;30472;12250
24;96;2;2;2;1;65983;9250
5;38;7;1;8;3.6;73437;18000
5;15;2;1;1;4.1;43986;7900
35;189;4;1;3;3;15640;96000
4;102;1;1;1;4.3;37515;15300
4;92;6;1;3;2.7;43943;8500
4;121;1;1;2;3.8;48202;19500
4;5;2;1;7;4.4;39215;12000
23;87;2;1;5;1.9;45957;11100
4;107;2;1;13;4.6;27096;10250
18;69;6;1;2;3.1;79673;7800
4;102;1;1;3;3.1;25235;16250
4;107;2;1;3;2.4;80429;8300
4;121;1;1;1;3.8;69268;17500
5;27;2;1;3;3.6;78416;8100
4;102;1;1;2;4.2;13761;18750
2;123;2;1;1;1.9;57943;30750
4;92;6;1;5;2.8;30842;10500
23;93;2;1;5;2.8;44746;11000
2;16;2;1;2;4;51630;18500
4;5;2;1;12;3.8;100301;8400
4;92;6;1;3;3.6;31287;11000
4;107;2;1;5;1.9;48887;7800
23;189;1;1;5;4.7;44968;45250
5;15;2;1;2;3.6;134319;4500
4;5;2;1;8;2.8;55991;10500
4;92;6;1;13;4.2;19621;12000
4;107;2;1;8;3.6;59597;9300
5;130;1;1;7;2.7;78175;12900
23;93;2;1;1;2.6;49997;10750
23;93;2;1;11;2.8;37086;9250
2;2;4;1;1;2.3;47318;14400
4;92;6;1;3;2.8;28736;10500
33;1500;26;1;5;4.4;101607;17800
33;1500;26;1;4;3.9;30647;14100
8;182;2;1;3;3.5;63796;14900
3;189;5;1;2;3.8;56306;8800
33;1500;26;1;5;4.1;97713;12250
5;9;4;1;5;2.7;65404;13500
2;124;3;1;1;4.4;19448;19000
22;95;2;1;2;1;33187;6800
5;9;4;1;3;2.8;91337;14200
23;108;6;1;4;3.4;41859;15500
4;104;2;1;3;4.3;30083;18000
4;121;1;1;2;3.5;53770;15400
4;92;6;1;3;3.5;29377;9500
22;95;2;1;1;3.2;60318;7700
23;94;14;1;1;4.2;44257;23000
4;104;2;1;2;3.3;31000;18250
4;102;1;1;5;2.9;55481;16500
23;99;2;1;13;2.7;74871;12500
9;125;1;1;5;2.8;80198;14600
4;29;2;1;3;3.3;52444;7000
22;95;2;1;13;1;82644;6200
7;129;2;1;4;2.7;80880;6100
31;155;2;1;2;2;153354;5600
7;143;25;1;1;2;140738;4100
7;143;22;1;1;2.8;107271;8750
27;141;11;1;5;1.9;120071;4700
14;190;1;1;3;2.8;109977;10500
15;59;2;1;3;3.5;34107;16750
4;107;2;1;5;2.8;43729;9100
31;158;11;1;5;3.3;82376;13500
31;153;2;1;5;3.5;120844;8800
14;173;1;1;3;2.8;96810;5800
11;30;2;1;3;3.8;60631;7700
23;178;1;1;2;3.7;76648;13900
18;69;3;1;4;4.1;25601;12250
4;5;2;1;5;2.6;82088;8800
13;163;3;1;3;4.6;25212;24750
22;177;2;2;13;1;102667;4700
4;109;7;1;5;2.8;160351;8500
7;148;1;1;3;3.9;89856;18600
7;129;2;2;1;3.8;90395;5400
17;70;2;1;1;1.9;73406;7000
7;127;1;1;3;1.9;86804;6700
9;37;1;1;1;4.2;100258;18250
20;151;5;1;12;3.2;99656;12400
23;113;1;1;3;3;67475;24500
14;55;1;1;5;3.4;66137;19200
4;5;2;1;3;2;53207;9600
31;158;11;1;3;2.4;68318;13250
31;153;2;1;2;2;47601;10300
9;165;2;1;8;3.8;69666;18200
22;177;6;2;3;3.6;104035;9200
23;93;2;1;1;2.6;105802;9000
15;83;1;1;3;3.4;57483;26250
23;87;2;1;1;2.9;41304;10300
31;153;2;1;5;2;71443;10000
23;103;15;1;1;2.6;86735;18000
14;55;1;1;4;2.9;62594;17500
15;56;2;1;3;3.9;33638;38000
15;68;2;1;3;3.1;61131;23250
20;82;1;1;1;3.8;42774;17500
17;70;2;1;3;4.1;65910;11000
7;143;22;1;5;1;87443;8600
15;68;2;1;1;4.3;43888;23500
15;56;2;1;3;3.6;41155;47000
31;155;2;1;1;2.3;64175;8100
15;56;2;1;13;4.6;51023;40000
23;87;2;1;5;2.5;38491;11100
9;37;1;1;5;2.8;126411;13000
7;129;2;1;8;3.6;49974;7700
7;143;22;1;1;4.7;61616;34250
14;73;1;1;12;3.4;95161;6600
4;121;1;1;12;3.5;40051;12500
31;155;2;1;5;3.4;92060;8400
23;120;1;1;1;2.2;112920;11300
31;157;1;1;1;4.7;72985;21000
13;163;3;1;12;4.1;45009;21000
7;143;19;1;1;2;90017;15000
1;72;2;1;1;3.9;47266;9000
15;59;2;1;1;2.8;32005;19000
14;55;1;2;5;1.9;106389;9900
22;176;1;1;1;4.3;89705;8600
4;111;5;2;8;2.9;109785;5000
31;158;11;1;1;2.7;79116;12500
17;70;2;1;2;3.7;75707;8400
16;58;1;1;3;4.4;31776;10100
22;95;2;2;1;1;88181;4500
1;72;2;1;5;3.1;45439;6400
25;174;5;1;5;2;85988;7300
22;98;6;1;1;3.1;65937;7100
7;12;2;1;2;3.1;71555;10500
14;73;1;1;12;3.9;77970;8900
7;129;2;1;10;1.9;57155;6100
7;143;7;1;1;3.9;75647;32000
7;127;1;1;3;3.5;83364;8200
7;146;13;1;5;3.4;125433;10500
3;177;1;1;1;4.3;47650;16000
7;154;3;1;4;3.4;56296;11400
23;87;2;1;11;3.6;39958;10500
22;165;6;1;1;4.8;72408;9400
31;153;2;1;3;3.7;55424;12500
7;127;1;1;2;4.3;51837;11000
7;143;19;1;8;1.9;19591;11000
6;17;5;1;3;2.8;78254;14250
7;154;3;1;1;1.9;99133;8600
32;161;1;1;1;4.4;43653;15100
4;63;3;2;4;3.9;71287;17500
31;153;6;1;1;4.5;29870;16750
7;143;19;1;3;4.9;22200;34250
22;177;2;1;13;2;130668;4600
4;107;2;1;4;2;94622;5500
11;30;2;1;5;4.2;33039;8500
31;153;2;1;8;3.2;39673;11700
17;70;2;1;2;3.3;85861;8250
23;120;1;1;3;3.9;91308;13400
7;129;2;1;1;1.9;106781;900
23;108;6;1;5;1.9;113815;10400
31;155;2;1;5;3.9;69743;9800
3;18;5;1;3;3.7;58477;18000
31;150;1;1;2;4;47337;16000
23;87;2;1;5;3.4;53075;10400
31;158;11;1;2;2.8;62522;13000
27;134;1;1;3;3.6;65963;8800
15;56;2;1;3;3.4;81926;31000
7;128;1;1;5;4.5;85379;14300
31;155;2;1;5;2.8;96183;8400
13;165;1;1;1;4.9;62838;28250
17;70;2;1;3;1.9;55628;7000
23;87;2;1;1;3.6;43285;11000
31;155;2;1;2;3.6;81054;9500
3;88;1;1;8;3.1;67725;15500
27;134;1;1;5;2.8;124914;6100
15;56;2;1;5;3.7;45188;36000
1;11;2;1;3;2.6;57354;7250
15;83;1;1;10;4.2;57938;21750
7;160;11;1;1;3;95910;7000
24;96;6;1;12;3.4;48391;10750
19;170;1;1;1;3.5;35561;28500
15;79;1;1;5;3.1;77517;16500
31;153;2;1;13;2.1;113560;6900
15;83;1;1;3;3.9;54812;26750
31;155;4;1;2;4.5;99975;8900
23;93;2;1;3;2.9;92671;9800
19;165;1;1;3;4.2;58341;17500
23;93;2;1;1;1.9;88599;8000
14;81;1;1;5;3.5;61334;13200
27;134;1;1;3;3.4;73745;8600
16;84;6;1;8;1.9;95457;4000
11;49;6;2;1;2;52373;3600
1;80;1;1;1;2.8;93899;7100
13;165;1;1;1;3.9;72694;25750
23;116;5;1;8;1;72930;4500
19;165;1;1;1;2.9;47273;15750
23;103;15;1;2;2.7;116604;14600
15;56;2;1;5;2.9;45527;43000
7;129;2;1;1;2.8;97238;5100
7;143;22;1;5;1;141217;9350
31;155;2;1;8;2.7;65214;8800
13;163;3;1;1;3.9;58266;21000
4;104;2;1;3;2;54197;10700
11;47;2;1;3;2.3;126592;2700
34;175;6;1;4;2.3;36244;3500
36;165;4;1;2;2.6;123631;3600
22;177;6;1;3;4.4;76639;11300
32;165;1;1;3;3;103138;17000
23;178;1;1;1;2.1;193409;7800
8;140;1;1;3;3.1;64944;28000
7;143;19;1;1;4.5;105312;17300
23;93;2;1;2;1.9;134995;7000
4;29;6;1;8;1.9;59665;4500
17;60;2;1;8;3.4;92488;7400
5;185;1;1;3;3.8;156406;14250
6;8;2;1;5;2.9;59602;16000
15;83;1;1;3;3.9;73291;24500
7;191;25;1;1;2;312235;2000
5;131;7;1;1;3.6;38822;20000
15;83;1;1;3;4.7;51714;27750
27;134;1;1;3;2.8;104123;5000
5;131;7;1;1;2.9;39498;21000
23;87;2;1;5;3.1;79618;8200
17;71;1;1;1;3.1;140689;8000
27;134;1;1;2;2.1;147998;4300
7;127;1;1;5;4.2;106874;7000
7;129;2;1;5;3.5;96588;7300
5;191;7;1;8;2.1;74387;16500
2;2;2;1;2;3.4;86571;11500
16;84;2;2;2;2.3;118427;6000
31;153;2;1;2;2.6;133309;7800
15;83;1;1;5;2.7;71108;18500
21;170;2;1;10;3.5;100856;13250
2;16;2;1;3;4.4;41128;17800
2;40;1;1;3;2.8;79957;18750
31;150;1;1;1;3.7;90637;11700
2;2;2;1;1;4.2;60755;14500
31;150;1;1;3;1.9;84832;9000
18;69;6;1;2;2;108096;4600
8;140;1;1;8;2.6;72247;25000
16;84;2;1;5;3.5;51521;7600
8;140;1;1;1;2.8;170960;15000
31;153;2;1;2;2.8;78127;11000
23;87;2;1;4;2;105473;4400
15;66;3;1;3;3.5;97527;14000
21;170;2;1;4;3.6;58637;18600
5;15;2;1;5;1.9;101928;5000
13;165;1;1;3;3.9;73176;23200
15;56;2;1;1;3.4;69781;30250
23;87;2;1;5;2.4;67321;7250
6;8;2;1;5;1;91671;7800
15;68;2;1;2;3.8;145017;9250
16;84;2;2;3;3;42211;10800
22;95;5;1;2;1.9;66069;8500
15;68;2;1;8;3.3;95620;12300
5;27;2;1;5;2.7;127609;4500
15;83;1;1;3;2.3;59751;19000
5;182;5;1;5;3.8;139959;3600
5;15;2;1;5;4.1;110430;6000
2;40;1;1;3;4;76020;16750
2;623;4;1;3;3.9;62568;30250
5;21;1;1;3;3.3;142899;12500
29;151;11;1;4;2.1;163365;3400
23;93;2;1;5;3.2;152263;6300
27;141;11;1;8;2.8;65049;9400
1;192;2;1;11;3.8;106090;3700
2;2;2;1;3;2.2;162746;6750
1;192;5;1;5;3.5;49995;6500
1;192;1;1;12;3.5;68114;9800
4;104;2;1;1;2.8;51560;13400
23;93;2;1;3;2;134470;7000
29;187;2;1;1;1.9;71042;4000
29;151;11;1;1;3.7;95305;5700
23;87;2;1;1;3.6;83334;9100
31;155;2;1;3;1.9;71988;7100
15;192;1;1;3;5;43506;66500
5;183;2;1;4;3.4;76092;3900
5;137;1;1;12;3;104184;4700
7;12;2;1;3;1.9;94354;3300
4;63;4;1;5;2.7;84969;13100
7;143;19;1;3;1.9;87659;15000
4;121;1;1;5;3.8;91971;12800
32;192;1;1;2;2.8;124516;10300
20;192;2;1;8;3.7;90270;10800
5;182;5;1;2;3.4;92302;5600
21;170;2;1;2;2;55314;13000
20;192;2;1;5;3.4;54466;15000
1;61;2;1;4;2;106229;2700
15;192;3;1;3;4.3;59589;15000
5;185;1;1;1;3.8;132335;15500
22;95;2;1;3;2.6;67232;11100
5;185;1;1;3;2.4;112297;16000
31;156;6;1;4;3.1;44016;8700
7;136;5;1;2;4.1;91190;13250
24;96;6;2;8;3.5;64423;15000
1;192;2;1;3;1.9;75430;3500
15;59;2;1;2;4.2;58123;17100
23;87;2;1;4;3.7;55475;7600
23;178;1;1;2;3.4;118067;9100
23;93;2;1;5;2.7;173082;6250
16;84;2;1;1;2.4;74656;8300
27;186;5;1;8;1.9;99593;4800
2;40;1;1;1;2.8;80986;16500
7;192;13;1;1;3;77473;11750
7;192;13;1;1;2;104102;10200
31;153;2;1;5;4.4;39080;12300
11;49;2;1;8;3.3;65121;5300
10;167;2;1;1;2.5;91966;13000
2;40;1;1;3;2.9;82850;18750
31;153;2;1;10;2.8;74029;12000
2;123;2;1;1;3.6;63409;27500
27;184;4;2;1;4.4;68356;18500
24;96;6;2;8;2.8;106044;12500
5;191;7;1;3;3.2;78653;24500
31;158;11;1;8;2.4;87540;12500
15;56;2;1;5;3.7;67439;24000
2;2;2;1;1;3.3;91084;11600
1;11;2;1;12;2.9;77200;6000
31;155;2;1;5;3;1;1000
7;129;2;1;5;2;97159;3300
23;87;2;1;5;2.3;108512;6100
11;47;2;1;2;3.1;93344;5900
4;121;1;1;2;2.5;119943;8500
22;95;2;1;1;3.5;53435;8900
8;165;2;1;1;2;103052;9000
29;151;11;1;10;2.8;89624;7000
31;156;6;1;3;4;124009;5800
1;192;2;1;5;3;114879;4200
23;87;2;1;3;2.9;125068;5300
15;83;1;1;3;3.4;71559;18300
22;95;2;1;3;2.2;64829;5400
4;5;4;1;2;4.2;75697;10300
18;69;6;1;1;3.9;60249;8400
23;108;6;1;2;3.5;82294;11000
18;69;6;1;5;4.1;65531;8000
5;147;13;1;3;3;87068;11400
31;165;7;1;5;3.3;117101;9200
7;165;7;1;2;3.5;75558;29000
2;2;2;1;3;2.7;91100;9500
5;15;2;1;8;3.7;110202;5500
27;193;5;1;4;2.6;138985;2900
31;153;2;1;2;4.3;76120;12500
27;165;1;1;3;4.1;135722;4500
7;128;1;1;4;3.4;84486;9100
7;143;22;1;1;2.4;102437;7500
5;15;2;1;5;2.7;97504;5100
2;2;4;1;5;2.2;112268;10250
6;8;2;1;13;2.9;103496;7300
3;1770;2;1;2;2.8;90257;3500
27;135;2;1;1;3.9;113097;8600
29;187;3;1;1;2.6;81907;4500
5;165;2;1;2;1.9;90909;2900
6;177;1;1;2;2.5;101633;12300
27;193;5;1;3;3.2;98721;5300
31;153;4;1;4;2.6;106521;5600
5;191;7;1;2;3.7;106237;14000
2;16;2;1;3;3.4;83376;14400
31;155;4;1;3;1.9;75464;7400
31;153;2;1;2;4.1;108561;10200
7;12;2;1;5;3;100528;3700
6;165;6;1;3;3.8;60542;18300
27;126;2;1;3;3.5;132932;4000
27;186;5;1;12;2.9;112455;3900
18;69;6;2;10;2.8;72700;6500
8;182;2;1;3;3.3;110201;12100
6;32;2;1;3;2.4;146426;8000
18;69;6;1;8;2;84051;4400
7;138;7;1;1;1.8;88389;6800
2;2;4;1;8;2.8;90017;13000
29;187;2;1;5;2.8;112983;3550
7;191;22;2;2;2;96371;6900
2;16;2;2;3;1.9;115502;8900
9;37;1;1;5;2.9;85284;17500
2;2;2;1;2;4;72847;10500
31;153;2;1;3;2.9;166787;6400
31;155;2;1;2;2.6;86147;6100
32;164;1;1;1;4.4;67896;16300
2;40;1;1;2;2.9;68037;17500
29;151;11;1;8;3;43317;5400
2;123;2;1;2;3.8;112412;10900
2;16;2;1;3;4;81317;14500
27;165;26;1;5;3.5;115275;10000
5;131;7;1;4;3.8;63421;36000
27;186;5;1;3;2.5;129071;2500
2;2;2;1;5;3.9;77581;12000
5;38;21;1;3;1;105850;8900
31;153;2;1;10;2.5;114179;8600
27;135;2;1;3;1;118546;5800
5;38;25;1;8;2;166212;3400
5;27;2;1;11;2.9;84281;6300
27;193;5;1;1;3.5;108698;6100
7;127;1;1;4;2.6;86546;5900
2;40;1;1;3;2.7;64115;15750
7;132;7;1;1;3.7;180795;16500
29;165;5;1;1;2.4;102192;2900
2;623;4;2;3;1.9;107410;19000
27;193;5;1;5;1;81971;2800
2;16;2;1;5;4.1;94593;11250
2;16;2;1;2;2;96477;5800
5;15;2;1;1;1.9;170680;3000
8;182;2;1;4;2.8;79004;10700
7;12;2;1;1;2.1;135414;3700
27;135;2;1;3;4;105647;9700
5;149;7;1;3;2.9;57280;13500
27;141;11;1;1;3.6;95543;6300
27;165;1;1;8;2.4;86767;8500
7;143;7;1;1;2.9;57196;16300
31;158;11;1;1;4.7;76168;15000
27;126;2;1;1;2.7;73252;3800
32;181;7;1;1;4.2;54733;24250
9;122;2;1;5;3.1;134286;8600
27;165;26;1;3;2;127791;7000
27;165;25;2;2;3.4;54520;7100
5;149;7;1;8;3.5;111166;10500
29;300;2;1;2;2.9;138543;4900
5;15;2;1;1;2.6;198177;2000
7;148;1;1;2;3.4;82356;14100
31;155;4;1;2;2.5;95678;6300
2;180;3;1;2;3.5;106935;9900
29;165;5;1;1;3.8;114074;3700
2;16;2;1;1;4.3;36619;19250
32;192;1;1;5;3.6;99911;10900
2;40;1;1;2;4.1;80783;16800
31;158;11;1;2;1.9;72528;9600
18;69;6;1;2;3.5;75393;8100
5;185;1;1;2;3.7;108071;14600
32;192;1;1;5;2.8;76885;11200
9;122;2;1;2;3.6;97982;11250
31;153;2;2;2;2.4;103529;8000
22;186;11;1;5;2.9;99711;6000
31;155;2;1;5;1;1;1300
32;165;1;1;3;2.9;136703;13400
32;192;1;1;1;3.5;124508;10250
7;143;22;1;1;2.8;105527;8500
6;165;2;1;5;2.9;131245;17500
27;135;2;1;5;2.1;129660;6000
2;40;1;1;3;3.6;71100;19750
31;153;2;1;5;3.2;131759;8300
7;129;4;1;3;2.6;73190;4000
27;126;2;1;2;1.9;117197;3500
29;300;2;1;1;1.9;1;1300
2;2;4;2;2;2.6;99109;12900
5;137;1;1;8;2.8;108423;3100
27;135;2;1;5;3.5;70346;9700
5;21;1;1;1;3.8;91902;15500
22;165;6;2;2;2.7;89903;4800
5;185;1;1;1;1.9;95079;16000
7;132;7;1;5;4.1;52845;30250
31;153;4;1;5;1.9;50485;6600
2;2;2;1;3;3.4;84752;10300
27;165;26;1;1;2;62613;10250
2;179;1;1;8;4;61934;10500
7;143;22;1;3;2;64783;10600
32;181;7;1;1;2.6;82034;35500
27;135;2;1;5;2.6;127497;7300
31;153;2;1;5;4.1;73477;11200
29;151;11;1;8;2.8;128342;7100
31;153;2;1;3;1.9;88738;8100
29;165;5;1;1;2;91111;2450
22;95;2;1;2;1;93864;5000
5;185;1;1;8;1.9;99589;15000
5;149;7;1;1;1.9;84157;11800
7;129;2;2;3;2.8;139311;3800
7;143;22;1;1;2.4;128624;8800
7;12;2;1;1;2.1;119779;4000
31;156;6;1;8;1.9;93589;5000
7;143;19;1;1;3.1;132553;11100
12;34;1;1;1;3.5;80076;13200
27;135;2;1;11;2.5;136348;4250
22;95;2;2;13;1;90827;3300
29;187;2;1;2;2.7;75758;4600
7;12;2;1;8;1.9;101943;3800
3;165;6;1;4;2.5;83438;9000
4;115;1;1;3;2.3;96738;12200
23;108;6;1;2;2.7;84146;8300
2;2;4;1;3;1.9;119085;8200
36;165;1;1;8;3.6;61213;7100
2;16;2;1;2;3.8;160792;6500
2;14;3;1;2;2;128629;14250
6;8;2;1;1;2.9;149684;4400
36;165;4;1;12;3.1;41225;40500
36;165;2;1;4;3.3;112214;5300
9;165;2;1;1;3.5;92844;13300
19;85;1;1;1;2.8;68629;20000
23;103;14;1;10;4.5;45505;28000
14;55;1;1;5;3.7;74449;18100
36;165;2;1;1;2.7;108163;4500
15;56;2;1;3;2.7;84778;22500
23;93;2;1;2;1.9;83548;6800
36;165;2;1;3;2.1;114272;3800
4;165;4;1;5;3.8;38216;15000
15;68;2;1;3;3.7;110796;11000
15;171;3;1;5;3.5;56519;25250
1;172;11;1;11;3;97954;3600
23;120;1;1;10;2.4;130850;12200
4;29;2;1;1;2.4;166920;3400
2;2;2;1;6;1.9;134961;6200
36;165;1;1;5;1.9;91873;4200
16;165;14;1;3;3.4;54497;10750
17;165;6;2;2;1.9;75248;9900
36;165;3;2;4;3;65475;6600
9;37;1;1;5;2.7;75670;14500
14;73;1;1;1;2;1;1800
2;2;2;1;3;1.9;106149;7800
1;192;2;1;8;2.8;103027;3900
6;8;2;1;4;3;107106;7100
25;174;5;1;3;2.6;91638;7000
10;167;2;1;3;3;116397;13500
2;16;2;1;3;3.3;100662;7900
4;29;6;1;1;1.9;82758;4000
4;117;1;1;6;3.5;127993;8700
36;165;2;1;3;1.9;68929;6400
15;192;1;1;3;4;91680;43250
36;165;2;1;2;1.9;85074;6500
10;67;2;1;3;1.9;88478;12250
14;173;1;1;1;2.9;111266;4300
15;56;2;1;2;4.6;58947;25000
10;165;1;1;11;4.3;48297;26750
19;165;1;1;8;4.1;105362;7500
15;59;2;1;2;4.1;55311;15300
1;172;11;1;4;1.9;107587;2500
10;165;1;1;2;2.1;83658;12800
4;107;2;1;5;3.2;83071;8250
2;2;2;1;8;2.7;49733;14500
2;14;4;1;3;3.4;110984;13000
23;93;2;1;2;2.6;99339;8200
10;167;2;1;3;2.2;107787;10700
3;177;1;1;3;2.8;85840;10750
25;174;5;1;10;4;52860;10900
36;165;2;1;1;3.7;96070;6000
23;93;2;1;2;3.2;82296;8300
23;103;15;1;8;3.4;59003;22500
6;32;2;1;5;2.7;97059;12500
15;68;2;1;5;4.4;101736;10100
36;165;1;1;8;3.7;74543;8000
14;81;1;1;10;2.1;83024;7500
23;97;1;1;1;2.5;31893;18800
10;78;2;1;1;4.1;93594;21000
22;95;2;1;4;1.9;66907;5600
19;170;1;1;1;4.3;82038;26000
31;165;7;1;3;2;46068;14500
15;83;1;1;1;3.5;50114;24000
19;85;1;1;2;2.1;141574;13800
4;115;1;1;1;2.9;107973;11200
10;165;1;1;5;3.3;116133;17750
22;95;2;1;1;3.1;104453;4600
4;107;2;1;3;2;80371;5400
14;73;1;1;3;3.5;133614;4000
10;173;2;1;1;2.5;98795;16200
4;165;7;1;1;1.9;57311;11250
17;70;6;1;1;3.6;114289;6600
36;165;4;1;5;3.7;93498;4000
7;154;4;1;4;5;4760;18000
7;154;3;1;4;4.7;67486;13700
7;12;2;1;4;4.3;11231;15600
7;154;3;1;1;2;43660;8500
7;129;2;1;4;3.3;30689;11600
7;12;2;1;5;2;21182;11600
7;154;3;1;4;3.4;67805;12700
7;154;3;1;2;3.7;65110;12900
7;129;2;1;5;4.6;38700;11700
7;154;3;1;4;4.1;66269;12800
7;154;4;1;3;1;34500;10300
7;143;19;1;1;4.7;15671;25500
7;138;1;1;8;3.6;38985;28000
7;127;1;1;2;4.5;29131;16700
7;154;3;1;2;1;3215;11300
7;138;1;1;1;4.9;24099;29750
27;134;1;1;13;3;31222;14500
7;143;19;1;2;3;20643;23250
7;138;1;1;3;3.8;38575;26300
7;133;2;1;4;4.7;12379;10800
7;133;6;1;3;4.3;38690;9800
7;154;3;1;4;1;7200;8000
7;129;2;1;2;3.3;9461;11800
28;165;5;1;4;4;22767;12000
7;146;13;1;1;2.8;29592;19000
7;12;2;1;2;2.9;22078;14200
7;148;1;1;3;4.9;31985;31750
7;154;3;1;4;3.8;37912;15000
7;154;3;1;8;4.5;66307;13900
27;134;1;1;5;3;26177;15200
28;165;5;1;2;4;20640;12500
7;154;4;1;5;3.1;32202;17700
7;133;6;1;5;4.4;36730;10700
7;12;2;1;5;2.9;20861;13500
7;154;3;1;3;2;21629;12100
7;129;2;1;12;4.8;36334;12000
7;129;2;1;2;3.5;3696;13500
7;129;2;1;2;1;32796;5700
27;134;1;1;13;3;19109;14700
7;154;3;1;4;4.4;12241;17600
7;127;1;1;1;4.3;26035;18600
7;144;20;1;1;5;9137;19800
7;133;6;1;4;4.6;36662;10400
7;133;6;1;2;4.5;39435;9800
28;165;5;1;3;4;27526;13000
7;138;1;1;3;3;27736;25250
7;154;3;1;2;4.1;8709;18200
7;154;4;2;8;1.9;17659;12400
7;154;4;1;2;2;50074;6700
7;12;2;1;1;4.4;23074;16800
7;12;2;1;4;3.7;40720;14700
7;12;2;1;1;3.8;11227;19500
7;143;22;1;1;2.9;21484;28500
7;138;1;1;5;4.5;25349;28800
7;154;4;1;1;4.6;5669;18700
7;129;2;1;2;1;9151;5500
7;129;6;1;2;4.1;30865;12900
28;165;5;1;1;4;13427;12000
7;148;1;1;3;4.4;21062;31300
7;154;3;1;5;4.4;45376;17200
7;129;6;1;2;4.3;16579;13600
7;154;3;1;3;2;3821;12200
7;154;3;1;2;3.8;20634;19000
7;132;7;1;1;1;18444;28100
7;127;1;1;8;1;23384;8500
28;165;5;1;7;4;20001;12600
7;148;1;1;3;4.9;18522;32200
7;127;1;1;1;1;1762;8000
7;154;3;1;1;4.1;64610;14000
7;138;1;1;2;4.4;42635;27800
7;144;20;1;1;2;30956;18000
7;148;1;1;2;4.6;3739;26000
7;127;1;1;5;1;18392;13700
7;143;19;1;1;4.2;20434;29000
7;146;13;1;1;4.2;17210;20400
7;133;6;2;3;4.9;13235;17900
7;154;3;1;3;1;29428;12300
7;129;2;1;3;3.3;38254;11700
7;127;1;1;3;4.1;34960;15700
7;138;1;1;2;4.5;38388;28900
7;127;1;1;2;3.7;40222;12500
7;12;2;1;3;2;16637;9600
7;143;19;1;4;3;17076;23500
7;129;6;1;1;4;18048;12300
7;144;20;1;1;2;18448;17500
7;129;2;1;1;4.3;37351;11600
7;154;3;1;3;3;32950;11100
7;129;2;1;4;1;15678;9000
7;129;6;1;1;4.8;15277;13300
7;154;4;1;10;4;24933;16500
7;129;6;1;4;2;16327;8300
7;138;1;1;5;4.5;24442;28900
